cluster,CLM_NBR,CLM_LOSS_DESC
2,19-00249003,Sewer cap blew off and the basement filled with water
3,19-00649775,CORONAVIRUS - Loss of business due to forced closure.
2,19-00631113,Employees came in on Sunday and water had overflowed from the pedicure stations flooding the floor. They tried to put the stations up on stands and put fans up. The bottoms of the stations are cracked after drying out.
4,19-00147764,Power surge caused burning and melting on Motsens boards of 4 printers. See attached email communication.
2,19-00339138,address is 435 Dorothy Day Place / kitchen fire due to pan left  on stove/ sprinkler went off and water damage to floors below (fire started on 5th floor  )
2,19-00104085,Insured is unsure what is causing water damage in basement and build up of mold.
2,19-00684375,Wind blew sign down
0,19-00342129,Insd_s employee_s watch was stolen while she was on a business trip.
1,19-00364792,DRIVER RAN INTO SIGN OF COMPANY AND KNOCKED IT DOWN DURING BLIZZARD
0,19-00028441,Unknown
0,19-00224148,"Computer of insured stolen. Employee file contains social securities and other employee information. Computer contains employee file, computer has a password. San francisco pd report 186120493"
4,19-00659747,Hit by lightning and hit the circuit board was fryed
3,19-00664021,Business Interruption-COVID-19
2,19-00431799,Structure fire - unknown cause and details of loss at this time
4,19-00252295,Insured discovered today that the beer currently being aged at their warehouse facility has spoiled and is rendered unusable. This spoilage is a result of barrel failure. The attached spreadsheet indicates the initial costs and potential sales and lost profits as a result of this spoilage.
0,19-00914589,Insured hosting company was the victim of a ransomware attack. Insured utilized Cloudstar (Hosting company) for hosting production system and email. This has also affected the primary servers and their backups.
2,19-00831382,Water Pipe burst in ceiling causing extensive water damages. Please contact Kelly 815-861-3782
0,19-00349279,Someone tried to break in to the store; didn_t succeed but damaged the store in trying: $2500. damage
0,85-00382011,"Theft of tools - generator, skill saw, battery operated saw, hammer drill, concrete saw"
1,19-00876475,3rd party driver drove rental vehicle into the side of insured building.
2,19-00675859,"Insured noticed water in the bottom of electrical closets. After bringing in an electrician, it was determined that a pipe leading from the boiler/hot water tank cracked and was leaking out water everywhere."
2,15-00782561,Fire at location 2 doors down from insured location. Possible some damage to contents etc.
2,85-00388626,Water damage appeared on the ceiling of the unit on the second floor. The water appeared to be from the hallway bathroom shower of the unit on the third floor. The plumber that came by said he could not determine the source of the leak definitively without breaking into the ceiling of the second floor unit.
2,85-00244684,PIPE LEAKING FROM THE ROOF CAUSING DAMAGE TO CEILING TILES AND CARPET.
2,15-00998341,Gym floor is damaged from water
2,19-00858597,Washing machine pipe leaked and burst on the second floor. Causing water damage to comon areas
2,15-00989923,Water was not draining properly and was pouring into the building. Damage to at least 5 rooms.
3,19-00649392,Coronavirus - Loss of Revenue due to Government shutdown
2,19-00898499,Urinal on the 7th floor bathroom had the automatic flush lock open and water gushed out per building. Insureds unit has sever water damage and desks and other furniture. Per lease insured is responsible for their own property
0,15-00890091,"BURGLARY, EYEGLASS FRAMES TAKEN"
4,19-00407639,Bus struck air compressor building-temp repairs done
2,85-00314592,"Water pipes froze and burst in at least one unit of building #1. Tenant is New England Investment. At request of insured, Insurcomm of Portsmouth,
NH has been contact for the mitigation work. Their number is 603-430-7701. PLEASE CONTACT THE INSURED'S PROPERTY MANAGER, MIKE
COLLINS, AS SOON AS POSSIBLE."
2,19-00621313,wind blew door off casing and damaged bldg. photos and copy of the bill from Northeastern Window and Door is attached
1,19-00413023,Delivery trunk was delivering a shipment and crashed into insured_s fence
2,85-00335393,Sidwalk was lifting and needed to be replaced
2,19-00903187,Unit owner reported extensive mold damage in her bathroom. Prop Mgr wants the point of contact to be the unit owner who is also the condo president. Tracey Kunkin 201-240-6780
2,19-00360916,"Resident on the 3rd floor drilled a hole into the emergency sprinkler pipe while attempting to Hang a TV in a stud in the wall. The water leaked in Gallons per second into the residents 3rd Floor bedroom, living room; the additional 2nd floor resident bellow_s bedroom and then down into the Club house on the 1st floor. The Fire Dept. was called to come out and shut off the water. Water Consistently ran for 40 minutes"
1,19-00140392,"Prop was vandalized sometime between 1/6/2018 and 1/13/18, which is when Insd became aware. Copper electrical wiring was stolen from electrical conduit that runs up on the roof. Estimated Damage: $8,700.00. See attached repair estimate and photos. Electrical at the building is not working and the occupants need to get it back up and running immediately. Main Insd contact: Maggie Alvarado, MaggieA@mjcres.com Also copy Andreat@mjcres.com and LaurenA@mjcres.com on all correspondence."
0,85-00092682,"Unknowns broke a window to the insured's location and stole 4 Dell laptops, and a Pelvic Floor Ultrasound device. Please see attached invoice. Laptops are password protected and have been remotely disabled by their IT vendor. Approx $6K for the laptops and $7k for the ultrasound device."
2,19-00716703,Water damage
0,19-00588595,A microscope got damaged when it fell off the wall
0,19-00706153,Insured is a dealership and does transfers from other dealerships. A dealership in New York was expecting a car from insured but they never received car from insured. Insured already received and processed payment.
0,19-00820412,"unknown person/s broke in to insd business - products, garbage cans stolen."
3,19-00660143,"Due to COVID-19, State of Maine mandated the insured business to close- hair salon. Loss to Business Income claim"
2,19-00867931,A pipe burst that leads to the AC unit in the attic causing water damages to the attic and the banquet hall-Flooring is hard wood-unknown if there is property damages
0,19-00767911,"Ex-employee of Eleganza Titles, Inc embezzled close to 400,000.00 from January to September 2020. Employee without management approval, consent and knowledge applied write-offs, missed applications, wrong accounts reconciliations and stole cash from several customers accounts."
2,85-00223142,PROP: Ceiling damage at insured location
0,19-00395539,Unknown persons broke into the building and stole the safe and $1400 cash
2,19-00143656,"Insured discovered mold issues in the building. Mold was discovered in the building in the building November 2017. Location : 522 South Lexington Ave, Burlington. Please see attached."
1,85-00310528,"Insured came into business one morning and discovered that her computer screen was black. The cause of damage to the computer is unknown- the
computer had to be replaced."
0,19-00519245,SOMEONE THREW A ROCK AND BROKE THE FRONT GLASS WINDOW
0,85-00310932,"A EMPLOYEE WAS WORKING REMOTELY, AND WAS HAVING DIFFICULTLY VIRTUALLY ACCESSING THEIR SYSTEMS. NOTIFIED THE OFFICE. AFTER INVESTIGATION REALIZED THAT THE OFFICE HAD BEEN BROKEN INTO."
0,85-00044612,"insured discovered that he had a check dated 10/15/21 that was mailed to a vendor for $12,082.03. Apparently the vendor never got it and someone changed the name on the check and cashed it at their bank. Then they wrote four more checks that were forged/photocopied/or something. checks that cleared the insured's bank totaling $69,005.22. One of the checks for $19K wasn't even signed"
2,19-00868264,The neighbors tree fell onto the funeral homes garage and put a hole in the roof and damaged the fence. The tree had leaves but also looks rotted
4,85-00306397,"*REKEYED FROM OLD CLM# 85-00279714*
Power surge damaged equipment."
0,19-00100599,INSURED NOTICED LAPTOPS WERE STOLEN FROM THE BUSINESS.
2,85-00340591,PLEASE ASSIGN TO HANNAH HEINRICH per insured's request. Water back up from break in sewer line.
0,19-00305766,Two males came into the studio and distracted the front desk employee and stole her cell phone. Police report was filed.
4,15-00820997,Insured advised that the freezer compressor blew and all food was spoiled/damaged.
2,19-00537343,WEATHER EVENT- TORRENTIAL RAIN RESULTED IN BACKUP OF SEWAGE/ STORM WATER IN BASEMENT OF BUSINESS. MITIGATION SERVICE WAS DISPATCHED. JARVIS PROPERTY RESTORATION HANDLED MITIGATION AND RESTORATION OF PROPERTY. CLIENT HAS ALL BILLS AND DETAILED INVOICE OF SERVICES RENDERED. JARVIS CONTACT INFO  586-954-4700. TOTAL BILL FOR SERVICE IS APPROXIMATELY 9142. LOSS OF ITEMS AVAILABLE UPON REQUEST.
0,19-00790981,"Cash stolen from insured, $1,697.78. Insured has a police report"
0,19-00462112,While grooming the scissors cut the dogs ear resulting in a $537.52 vet bill and a unknown expense for a follow up vet visit.
0,19-00255696,"Insured employee embezzled monies from misc, accounts of insured. Insured has filed police charges against employee. See attached email from insured with claim details."
2,19-00321251,Strong winds have damaged the insured_s roof exposing some roof areas to the elements. Also minor water damage to the interior. The insured_s will proceed forward with temporary repairs.
2,19-00214510,Insured had a leak and it caused water damage
2,85-00243636,"Water pipe burst andd water come through ceiling, damage to insured's personal property, including lighting, etc. Insd will provide list of damage items and
copy of their lease agreement to adjuster. . The insured rents the space. The Property Manager said the inusred is responsible for the piping. Repairs have
been made by plumber and the invoice is attached. The isured is concerned about the water that got inside the walls."
1,19-00769129,BROKEN EXTERNAL LIGHTS ON BUILDING
2,19-00599084,"Water damage to ceiling tile, causing tiles to fall at Comerica Bank due to water coming from the second floor bathroom.."
0,19-00184258,"Insured received demand letter alleging caregiver theft in the amount of $95,000 (Theft of Client_sProperty)."
3,19-00652216,CORONAVIRUS. Loss of business.
4,85-00212809,Insured sustained power surge which caused damage to equipment. Insured advised surge took place between 07/30 - 07/31.
3,19-00650050,CORONAVIRUS  Insured filing loss of income claim due to COVID19 closure.
0,19-00618386,dog day care;  dog attacked by other dog.  (ear being removed)
2,19-00379752,FIRE SUPPRESSION LINE BROKE- WATER DAMAGE COMING FROM THE CEILING AND ALL OF THE INSULATION/TILE WAS SOAKED CAUSING IT TO COLLAPSE ONTO THE FLOOR. WATER IS ABOUT 2 INCHES AT A MINIMUM AND SPREAD BEYOND THE OFFICE SPACE. PERSONAL OFFICEDAMAGE EXTENT UNKNOWN.
0,19-00216303,Exhibition Counselor General bumped a piece of art on the wall  and a piece broke off.
1,19-00065777,VEHICLE DROVE INTO A SIGN DETACHED STRUCTURE
2,15-00887084,"Insured ins in Flordia returning on Wed but tenant let her know that upstairs toilet let go and there iswater damage to upstairs carpets, down through the ceilings downstairs. Insured is going to call Servpro to get them in to start drying things out, Insured can be reached at 207-266-9205"
4,19-00714254,"Temperature on refrigerator did not stay consistent, lost vaccinations. Refrigerator has a recorder and showed temp above required limit of vaccinations."
4,85-00003921,Loss of vaccination inventory due to power failure
0,19-00617352,**REKEYED FROM OLD CLM # 19-00591835Insured discovered 2 employees have been stealing and it_s around approximately $20K. This has been reported to the police.
0,19-00352624,DOOR GLASS TO INSURED 2007 VOLVO LOADER WAS DAMAGED. UNSURE OF HOW IT HAPPENED
1,85-00054253,"This is the information from our Facilities Director about the parking lot lights that were damaged in the storm on September 14th: $3120.03 - 9 service drive fixtures damaged x 346.67 per quoted cost $14,408.46 - 19 interior parking lot fixtures damaged x 758.34 per quoted cost. $15K to 17K - Electrician to install (my guess). Can get quote when needed. Please let me know, if there is other information that you need.
Betty Bartek
Accounting Specialist"
4,19-00136541,Equipment broke down.
2,19-00819445,WATER DAMAGE TO PROPERTY.
0,85-00008417,Break In
2,85-00003870,Equipment breakdown loss. Hot water heater cracked and has to be replaced
0,19-00019811,"$40k worth of phones were shipped to Employee Khao Cates, our Sales person, (agent of ROK Mobile) . Hestored them at this house. His house was burglarized between 1/11/17- 01/14/17 and all the phones were stolen. He filed a police report on 1/14/17"
2,85-00424236,HVAC unit leak resulted in water leaking into neighboring tenants spaces causing damage to interior fixtures.
3,19-00662233,Business Interruption due to the coronavirus
2,19-00902997,Water damage to our pump room and some flooring as well as vacuum system for our pumps
2,85-00279874,Water Main Break.
0,19-00808634,"Trailer with equipment owned by employee was stolen.Ditchwitch SX100, vibrating plow 4DW154 stolen"
0,19-00864249,Report onlyTwo windows broken out at insured location
2,19-00531282,**Report Purposes Only**Neighbors tree fell on insured_s property and damaged sky lights
4,19-00055300,"Equipment breakdown, the computer and Phone systems went down, they don_t know what happened."
2,19-00706548,"Water from heavy rains in months previous was coming through the cement floor and wall undetected. The water has caused mildew and mold under vinyl floor and in the walls. It ruined the floor, and inspectors are requiring we tear down the sheetrock to get rid of mold. Looks like about $7,500 for parts and outside contractor. We are doing much of the repairs ourselves"
2,19-00891830,Hail damage to insured property.
4,19-00561476,elec co turned off electricity due to fires in CA.  loss of biz / frozen food perished/ fish died.  retail pet supply
0,85-00179616,Payroll went out on 06/10 and office manager received an email from an employee advising bank account info changed. Office manager re routed the $2500 paycheck to new account and come to find out it was a scam and insured is out the $2500.
0,19-00236558,Door bent in burglary
0,85-00030692,INSURED PAID 7500 FOR INVESTIGATION AND PAID 140000 TO SET UP MONITORING .REPORT ONLY. CONTACT INSURED KEITH BUOHL 617-589-3885.
2,19-00613831,Chiller pipe burst above INSD office space causing water damage
2,19-00573736,"Food was being served in the Chapel Foyer. Kitchen staff dropped a lit sterno, burning carpet, woodwork and mural on the wall"
3,19-00654507,Business interruption Office operations closed per CSDA and Department of Public Health until further notice (2-3 months) Economic loss
0,19-00800109,"BUSINESS VANDALIZED. WINDOW, OFFICE CHAIR, AND BLINDS BROKEN"
0,19-00139366,wire fraud /  funds takenFBI on this as well
4,19-00259538,"During the storm last Tuesday insured_s phone system got blow out due to lightning. They need to replace the system which CostS $36,000"
1,19-00695436,Vehicle crashed into premises
1,19-00342130,Front gate was hit by unknown vehicle - insured thinks it was a tractor trailer.
0,19-00680408,"IV was broken into. The water heater plumbing was cut and the unit stolen, the drain pipe for the drink bin was removed, the camera on the left side of the building was broken/vandalized, the door was forced open/broken, the awning was bent/damaged, and there is now a crack on the right hand side of the windshield. The lining on the driver_s is damaged too."
4,85-00415099,Insureds cooler broke and insured lost a large amount food. staff took pictures
0,85-00125349,"Store was broken into, broke lock to main door. 18 boxes drill bits (1 box 50 pc) 4 box Tornado drill bits. 260 size 5-18 acrylic brushes. 250- French manicure brushes. 1,900- acrylic sanding bands. 2 box of collection pedicure packages. 400 packs of fake nail tips."
4,19-00430278,Food spoilage
2,19-00083047,"water damage caused to 20 dorm rooms due to vandalism in the  bathroom. Toilet fixed to overflow, sinks plugged and water  left running, shower running and drains plugged contact Belinda to set appt 3027362484"
3,19-00663830,Coronavirus: Loss of business income due to government shut down
2,19-00686139,Sprinkler line leak. Please see attached incident report.
1,19-00706743,"Drunk driver hit a vehicle and then drove into the insured_s building at 33050 Antelope Rd., Murrietta, CA. See attached e-mail with news article and photos. See remarks."
0,19-00031126,(Vandalism) Insured_s glass doors to main and second unit were smashed in. Does not appear any further access gained to units or anything missing.
4,85-00285410,Power flickered on and off several times and damaged gas pump circuit
3,19-00644963,CORONAVIRUS   Business loss due to mandated store closures
0,85-00038291,"Wires cut on outdoor AC unit, wires were stolen"
2,85-00144809,"Insured reports: We had a main water line break in in a neighboring office space. It flooded part of our main office and our server room. We need to open an insurance claim Ive copied Kim B. in, who is our office manager. Between the two of us, we should be able to get you any info you need. Amanda will also handle gathering any specific info for you. Magnolia Madsen should be your priority contact @ 800-531-1925"
0,19-00839483,"Email contact s page was routing to email at add agency that created the web-site but no longer admins the site, got lock out of permissions, hackers over loading data base with log files, making the site unusable. had to buy more storage to re-set permissions."
3,19-00680170,CORONAVIRUS The insured wants to open a claim for business interruption due to the stay at home order.
2,19-00115004,Water is coming up through flooring into condo unit #70; flooring is buckling and is wet. Water supply line leading into unit may have burst.
0,19-00867578,THE INSURED WAS HACKED.
3,19-00650481,CORONAVIRUS- Insured had to close down because of COVID-19.
2,19-00810934,Steam leak in Doyle Hall.  Technology Services is in the process of making repairs to IT equipment that was damaged by a steam leak in Doyle Hall early this morning
2,19-00880685,"Between 6/13-6/14 domestic water pipe burst where it enters building causing water damage inside building and sink hole damage to parking lot-7500-10,000 damages"
0,19-00005776,"Employee dishonesty - Employee embezzled funds from insured: total loss $80,000"
0,19-00505960,"Lawsuit. Claimant, as personal representative of the estate, alleges from 6/16/16-5/23/18, one of insured_s employees, took $118,760.00 from patient he was providing care to."
0,85-00342600,It was discovered on 3/20/2023 that one employee(manager) has been stealing from the business for a few years by charging credit card sales to a Square device which she had purchased under her name and thru which funds were transferred to her own bank account.
1,85-00294276,"BLIZZARD: Insured sustained damage to their equipment during operations in removing snow.
When you look at the photo, the side should be straight down and not bent or curved. Our employee operating the loader was Nick Cole. We have to get this fixed. So we are looking for some kind of coverage. There was a lot of snow to be removed and resulted in this damage. 
1998 Daewoo serial number 1001 NY license plate number 47752-SC. 
Insd also sustained costs to hire outside contractors to take over while this machine was down.
Please cc agent/Walsh Duffield cderenda@walshduffield.com
There was other equipment damaged at the same time from this storm but does not appear to be a high dollar amount."
0,19-00639172,Reporting Under Personal Effects and Property of Others Extension. Staff Member_s vehicle was in school lot when unknown stole the vehicle_s catalytic convertor and damaged other parts of the vehicle during the theft
0,19-00227124,"Through a computer fraud the insured wired $25,000 to fraudulent account. May also be a case of employee theft"
1,19-00079452,"vehicle ran through chain link fence, across playground and into the SE corner of school causing significant damage to exterior and interior of Kindergarten room"
4,19-00293282,Insured contact advised per storm caused power surge and lightening strike he had severel office equipments and electronics that have been severly affected
3,19-00650007,"CORONAVIRUS  We Have a New Business Interruption Claim for Insured  - OB3-D389613-02, DOL 3/18/20, Business Interruption due to COVID-19"
0,15-00969166,Insured received fraudulent purchase order for existing client and shipped computer equipment to site.
4,85-00383204,"Insured suffered an off premises power outage and when the power was restored a serge blow out some recessed ceiling lights and damaged some
equipment."
2,19-00750808,"Wind blew several trees down. One on insured building @346 N. Main St., Lanse and neighbors home. No known injuries. Power line is also down."
2,19-00882993,Pipe burst in one of the dormitories rooms that has caused extensive water damage from the 3rd floor to the Terrence/basement floor of the oldest building. ServePro was onsite last night along with maintenance staff to start the drying-out process
2,19-00564567,"Stagecoach, Galesburg location-sewer and water backup occurred. Servpro has been contacted and will be giving an estimate on damages"
2,15-00883602,"Fire in detached garage. Caused damage to tools. Possibly around 10,000. Possible cause is from wood stove"
2,19-00206190,Ice machine leaked and caused water and mold damage to floor and crawl space.
2,15-00723560,"Fire loss - please contact Kevin Li at 626-905-3880, email: kevinlicpa@yahoo.com"
2,19-00730403,"Damage to individual unit within community due to failed pipe causing water damage to walls, repair requires access through slab. The individual unitowner policy will not pay their insured_s claim as they state that it is not clear who is responsible. They have asked HOA to report the claim to their carrier for evaluation"
0,15-00794849,Insured_s property was burglarized. D/L 6/26/16
2,15-00829867,"Water leak caused damage to insured_s building, including ceiling and sheetrock. Leak caused by hole in pipe; Water has since been shut off."
0,19-00867760,"staffs vehicle was parked in parking lot, one of the clients became angry, physically attacked her and then went awoled outside his cottage, he immediately began picking up large rocks and throwing them at staffs vehicle, chipping paint, denting hood and breaking headlamp"
0,19-00613736,"**Guest Damage**, Insured reports that on the day of loss a guest, or friend of a guest, who was intoxicated, caused substantial damage to an elevator door, 2 light sconces and multiple vases."
2,19-00087256,DOL 10/30/2017Insured hass sustained loss of business income due to a ruptured gas line.
3,19-00652050,Insured had to close all locations due to the COVID-19 virus.
2,19-00156224,"damage discovered morning of 2-9-18 by insured. Pipe in wall on middle floor sprung a leak and causedwater damage before they could get it repaired. Sheetrocking and carpeting damage middle and firstfloors....plumber was called on 2-9-18....insured was calling Puroclean. NOTE: This was originallyreported to you under the tenants policy (Hudson VAlley Foot Associates-you set it up underclaim#19-00153971. The insured realized once the adjuster started asking questions, that he reported itunder the wrong policy)"
2,19-00709126,"Our center located at 280 Solana Road, Ponte Vedra Beach, FL 32082 had water enter from the Zimmiz Hair Designers Salon (DonnaZimmerman is the owner) 282 Solana Rd, Ponte Vedra Beach, FL 32082 next door to us that had a pipe burst between Thursday, July2 at 11PM (when Donna said she was in her salon until) and the morning of Friday, July 3. The water seemed to enter under ourshared wall. Although the walls should be inspected if there is water higher up between our businesses. If you need to reach Donna Zimmermans salon their number is (904) 285-0503Servepro who was working on Donnas hair salon took down all our insurance information and put multiple fans in our unit fromFri, July 3  Mon, July 6. They also removed our base boards on only the shared wall with Zimmiz Hair Salon. It was Kumons understanding that Zimmiz insurance with Servepro was going to handle the repairs in our unit also. We now have received a call from Donnas insurance saying because it was not negligence on their part we have to contact ourinsurance agency to handle removing and replacing the drywall that became wet. Our center is beginning to smell very musty andmoldy even with keeping the A/C low and an air purifier in the room.Thank you in advance for your prompt assistance in helping us navigate this quickly so our Kumon students, staff and center are notnegatively impacted by the water damage."
3,19-00654842,Coronavirus  loss of business income due to government shut down
1,19-00299259,Insured accidentally dropped his Itero wand that is used to take digital impressions for crowns and digital scans. Value 5786.00
1,19-00703289,An employee started closing one of the bay garage doors before a trailer had completely departed the bay area. The trailer collided into the garage door. The employee who was closing the bay garage door was did not realize the trailer had not cleared the opening
0,15-00922677,unknown broke into insured_s building causing damage to building and some items stolen.
0,19-00115464,Keys stolen from insured and locks have to be rekeyed. See attached invoice and police report.
0,19-00709447,"The enclosed utility trailer was set on fire by an unknown source. The trailer had $15,000 worth of equipment inside."
3,19-00662324,Coronavirus: loss of business income all locations are affected
0,85-00311435,We arrived at school on 1/23/23 to find our Red Ford Truck had been broken into and tools had been stolen.
3,19-00666382,Business Interruption / Loss of Income claim due to COVID-19 outbreak. Copy of reporting letter from insured to be emailed with acord at time of reporting.
3,19-00678256,CoronavirusBusiness income loss
4,19-00521091,"Power surge had affected computers, power outlets were smoking as well."
2,33-00039313,FIRE- FIRE INVESTIGATOR WOULD LIKE TO MEET W/ADJUSTER ASAP. FIRE INVESTIGATOR IS JAMES F. BARBER @ALBEMARLE DEPT OF FIRE and RESCUE 434-296-5833.
2,85-00077905,REALTOR DISCOVERED WATER DAMAGE DUE TO FROZEN PIPES WHEN SHOWING THE VACANT PROPERTY NO INJURY
0,19-00524527,"Burglary- broken window, stolen eyeglass frames and cash"
1,19-00605773,"Insured has a vendor do some work on a particular item. The item is typically comprised of steel, however the insured shipped the wrong item is comprised of carbon. Vendor assumed the part was steel as that is what the insured indicated. The carbon ended up ruining the vendor_s equipment and causing numerous damages. Insured however is looking for the costs associated with shipping the wrong part as it is now inoperable."
0,85-00217706,THEFT OF SMALL COMMERCIAL TOOLS and EQUIPMENT
3,19-00654495,CORONAVIRUS - Business interruption due to COVID-19
2,15-00928640,A vandal tried to break into the garage on the property and that led to water seals being damaged and water entering the garage. See photos and estimate. Reason for late report as insured was trying to obtain estimates and a lot of contractors refused to come and give an estimate as they felt the job was too small for them.
2,19-00666868,"Water damage- see email attached from property management along with estimates, photos and lab results"
2,19-00039717,"Long crack noticed in the floor of the building. Email is best for Lynn McCrary, call first, but know she might correspond best by email."
0,19-00504750,"The business was hacked by a hacker and all the back up systems where hacked and deleted50,000 was stolen."
2,85-00350467,Flooding on ground flood. Appears to be due to the shut off to the house being disconnected.  Residents had to be relocated to a hotel. Agent asks for escalated contact.
4,19-00862174,A patient bit through x-ray sensor. Unable to repair
2,19-00232653,CONDO WENT UP IN A BLAZE CAUSE ELECTRICAL
0,15-00924522,"A store burglary took place around 3am on 2/16/17. Equipment was damaged, a safe was stolen, and the store had to close down."
2,85-00125797,Water leak in residents waste line
4,15-00863836,**REKEYED FROM OLD CLM#15-00851884**Phone system struck by lighting
2,19-00751983,"INSD went into business on the morning of 9/30 and found the roof had leaked substantial amount of water into the business. INSD only able to operate part of the business. Ceiling still dripping and rain predicted for the rest of the week, INSD not sure they will be able to operate when it rains."
0,19-00490993,Insured was notified by their vendor of a fraudulent transaction
2,19-00307945,Wood floors buckling in main waiting area from water damage
2,15-00978278,Water damage to ceiling and walls of 2 penthouse units from leaky roof when it rains. 2 estimates attached
1,19-00034502,Outside vehicle crashed onto insured property - will collect from other party - reporting for record purposes only
0,78-00249778,11 WINDOWS BROKEN OUT OF THE BUSINESS
3,19-00655985,CORONAVIRUS  Insured has lost income due to being shut down due to Corona virus
0,15-00713533,"Claimant Pamela Zagame brought her dog in for an exam and he came flying out of kennel which was a second story kennel and he jumped to the floor and broke his leg.
Dogs name: Wrigley"
0,85-00000600,"At around 0230 am the morning of September 19th, 2021 an individual that has not been identified, attempted to brake into our store. Video surveillance shows him trying time and time again to break through, but the glass never completely broke thanks to the commercial security film installed by Enhanced Glass Window Film. The glass and commercial security film needs to be replaced immediately in order to maintain security and safety to our staff and store. A police report has been filed the University Place Police Department (UPPD), case number 21-262-00669."
2,19-00228555,"Aug 29th northern Johnson county was hit at 1:00A.M the main sanctuary and additionally the community center had leaks, although we are not sure they are storm related. Free roof inspection which was based on our company doing roofs in the general area. From the ground we observed damage to the metal canopy which indicated a roof inspection was necessary."
0,15-00908423,Ashville store was broken into. damage to door/locks.Customer property stolen as well
0,85-00019619,"Cyber claim, email was hacked which caused ACH payts to be redirected to fraudulent account at Allied bank, INSD has been working with police to see if it can be recovered"
0,19-00273167,There were 6 fraudulent checks that were cashed against our account. The checks were created and deposited/ cashed with a different institution that was not our own. The check look exactly like our checks however the signature on the checks do not match our signers signature. The serial/check numbers used are still in our possession and they have not been used. We notified our bank as soon as we found out on 8/9/18. The bank is waiting for the receiving bank to see if they will return our money
0,19-00240013,3 windows and 1 glass door broken
2,19-00252580,"Severe thunderstorm caused water to leak in one corner of the bldg. resulting in damage to ceiling tiles, carpet, window ledges. Insured isobtaining estimates."
2,15-00911662,"water tank from 4th floor broke and flooded the office space damaging carpets, some walls and personalproperty"
4,19-00466748,CYBER ATTACKED WITH VIRUS THAT EFFECTED SERVER AND 3 TOWERS
3,19-00730781,Coronavirus loss of business income
4,19-00071869,Drugs were destroyed due to not being in refrigeration
2,15-00922966,AGENT WAS ADVISED BUILDING COLLAPSED
1,15-00883288,Building tenant (warehouse manager) reports to work at 5:45AM and finds the fence that has beendamaged. Looks to have been damaged by a car collision after hours. Please see pictures.
0,85-00080417,Insured trailer stolen-THIS CLAIM IS FOR CONTENTS
2,15-00911717,"Steam pipe broke in basement, tile floor is cracked due to work."
1,19-00520020,"Angel Medina, driver for JMJ Express LLC struck our insureds light pole in the parking lot of Port Richmond Shopping Center 3301 Aramingo Ave Phila PA."
0,85-00055623,Employee (Mary Ross) stole checks and also deleted patient payment records. Employee was let go back in September. Employee was with insd for 10 years and  insd thinks employee has been doing this since day they were first hired
0,19-00107645,"The insured has experienced a theft loss, on 11/23/17. Attached are an outline of missing items and below are the police report details. Further, the insured has provided current security measures for file. Please provide acknowledgement and claim number as soon as possible"
4,15-00986008,Equipment breakdown of their compressor.
2,19-00175062,Hail damage to roof.
0,19-00344573,"(2) windows cracked and (2) windows vandalized by scratching initials into them. Happened at 2 locations 10818 and 10822 N Scottsdale Rd., Scottsdale Az."
2,19-00859020,Unit#50 water heater let go- serve pro was called.
3,19-00647639,CORONAVIRUS    INSD is closed due to COVID-19 prevention by government order
1,19-00297889,VEHICLE HIT THE BUILDING
4,19-00226116,Lightning struck close to the building blowing out a compressor to one of the air conditioning units
3,19-00653342,CoronavirusBUSINESS SHUTDOWN BY GOVERNMENT DUE TO CORONAVIRUS.
2,19-00721879,Insured is a business thinks there is a crack in the ceiling and water from the rain is getting in causing water damage.
2,15-00919923,Upstairs tenant moved out. Extensive damage caused by tenant
0,19-00092766,BULLET HOLES IN 2 WINDOWS AND A WALL IN HOUSE SCHOOL OWNS.
0,19-00927718,Upon coming into the office Fernando noticed broken glass. Someone had thrown a rock through his offices window beaking it.
0,19-00804628,Property lost during shipment via fex EX - 1 pair of shoes for customer Michelle Casazza
3,19-00678687,CORONAVIRUS loss of income w locations
0,85-00114948,"Possible Crime Claim. A member of the HR team received a fraudulent email from what she thought was one of our physicians requesting to change payroll direct deposit resulting in the the physician not 
receiving any payroll/salary since January 14th. Cyber police on notice as well. Contact insured for additional information"
3,19-00642492,"Due to the Coronavirus, insured was forced to close down her business sustaining loss of business income"
3,19-00702771,Loss of business income due to covid
3,19-00650114,CORONAVIRUS- Business Interruption Claim.
2,15-00720522,"Unit #7 the toilet was leaking on 1/26/2016 and no one home for a couple of days so water went downstaris and infected unit #6, 8 and 9"
2,19-00581453,WATER PIPE LEAKED THROUGH OUT THE BUILDING
2,19-00912981,"Storm damage to roof with an to be determined date of loss. Need to have an adjuster inspect roof to determine extent of damage. Building location: 2801 Tower Rd, Aurora, Co 80011 (location 2 on the policy). Sean_s extension is 107"
0,19-00075093,file cabinets were broken into and petty cash was stolen
0,85-00143050,Theft of CO2 Laser
2,19-00270678,Janitorial cleaner was left on resulting in flooding to hallway and some offices
2,85-00179311,Water damage to building
2,19-00149127,The Windstorm on 12/29/17 damage the scale on their silo.
4,15-00863532,Explosion noise was heard and the HVAC system is inoperable.
2,19-00633151,"WATER PIPE BURST AND FLOODED PROPERTY, NEXT DOOR FLOODING, WALLS DAMAGED, POSSIBLE MOLD"
0,19-00585303,A customer complained while getting service from insured_s shop and tried to pick a fight. When that customer left the shop she smashed the entrance door on the way out on purpose and left crack on the Store front glass. Then she ran off from the shop. The insured filed police report
0,85-00320125,"ORDERED SHIPMENT $16,775 NEVER ARRIVED. LOST BY UPS"
3,19-00677413,Coronavirus Business interruption  due to civil authority based on covid-19 pandemic
1,85-00098497,Employee was backing out the customers vehicle and didn't realize that the vehicle was too tall for the door -causing damage to their garage door. Liability damage claim is also being submitted for the customers vehicle
0,19-00138783,**REKEYED FROM OLD CLM#19-00089020**THE INSURED HAD ITEMS STOLEN OUT OF AN COLLEAGUES VEHICLE A LAPTOP BAG WITH A LAPTOP INIT AND THE INSUREDS WALLET AND MISCELLANEOUS CORD ASSOCIATED WITH THE LAPTOP. LENOVO 720LAPTOP WAS THE TYPE OF LAPTOP STOLEN
2,85-00212973,"Per the insured, the fire started last night. Firefighters were on scene. Smoke smell in the area. Nobody was hurt. They are still working on finding the source of the fire. Insured currently waiting for Nipsco to come turn the power on to figure out the problem. Also, the back door was broken down by the fire dept. to get into the store, but it's now been boarded up"
2,15-00801804,Hot water heater ruptured in closet located on 2nd floor of insureds office. Minor paint and carpet damage to insureds office. The water also ran downto the 1st floor (causing minor paint and carpet damage) and basement (causing damage to some supplies of the building owner).
2,85-00260984,"Tenant at 1340 E Route 66 unit 103 had wall art hanging which fell and severed the the line to the toilet. The unit flooded and also caused flooding to unit 101 and 102. The tenant of unit 103 turned in a claim and their carrier USLI for handling. Servpro has cleaned. Unit 101 and 102 turned a contents claim into their carrier, Hartford."
0,15-00683842,"Stolen merchandise, see enclosed report, and also damage to the store, during a smash and grab robbery."
1,19-00440310,Vehicle impacted school building damaging interior and exterior of location.
4,19-00794559,A Power surge damaged 2 dental chairs
0,19-00225775,"Columbia branded goods were shipped from Portland, OR to Fontana CA on 5/9/18. The carrier advised that the freight is unrecoverable. The shipment was worth $122,941.45. Insured is looking for a loss of business sales."
0,19-00598760,Someone threw a rock through the class showroom window.
2,19-00572232,"Pipe Break207 S. Santa Anita St Suite G-16 San Gabriel, CA 91776 (SGASC) - Pipe leak in the suite above our surgery center. Water caused $30k damage to oursurgical supplies. I believe we need to file a claim for this instance."
0,19-00498371,"Customer ran into insured_s building causing damage to door to storage area portion of building.Estimate $1,600."
2,15-00976561,The Maintenance tech removed a faucet and when doing so the rusted valve broke off causing a large water leak and water damage into the office and the neighboring office
0,15-00952007,"BURGLARY - WINCH, CANS OF SPRAYPAINT TAKEN"
0,19-00909366,"STRAY BULLET PUNCTURED FRONT DOOR, TOOK KNOBS OFF STOVE AND DENTED REFRIGERATOR"
2,19-00328401,Tenants home caught fire; resident was inside and perished in the fire.There was also damage sustained to neighboring home
3,19-00656403,CORONAVIRUS - Business interruption due to COVID-19
2,19-00148555,"WATER LEAK THAT HAS DAMAGED THE NETWORK OF THE DENTAL OFFICE. SECURITY SYSTEM, FIREWALL, PHONES, CEILING OF THE OFFICE"
2,85-00227038,Minor fire started on the back porch of unit 7400-3.
2,19-00556792,Bad smoke damage from bad fire one floor underneath insureds office//damages office and contents
2,85-00195274,"*REKEYED TO A NEW CLM# 85-00198866*
injuries resulting from stove fire in an occupied apartment at The Scout, located at 947 Myers Street, Richmond VA 23230"
2,19-00670483,Insured hired contractor to investigate leak in basement; It was determined that section of boiler has cracked
1,19-00771969,INSD had dental equipment when IV was parked outside of the office.Business loss also as implants cannot be performed.
1,85-00312738,"At fault party reversed truck into curb on insured property, knocking it over. See attached Receipt"
0,85-00338495,NI HAS SOME THEFT OF PERSONAL ITEMS AND BUSINESS ITEMS THAT ARE DAMAGED
2,19-00124439,Prop: Water damage due to heavy rains.
2,85-00271949,Yesterday we had a water main break at Somerset Sky Pointe. It was the supply line to the High School. A large area of sidewalk was lifted by the water pressure and has to be replaced to be restored to a safe level walking path.
2,19-00753012,Water damage forklift placing pallet on high rack hit sprinkler head causing water pipe to break and flood the unit. The insured has a large walk in refrigerator and smaller unit adjacent. The water flood both unit causing dirty water to contaminate food product
0,78-00209101,GLASS DAMAGE TO INSUREDS PROPERTY. CLAIMANT OR INDIVIDUAL THROW A CHAIR THROUGH THE FRONT WINDOW.
1,15-00924272,Box truck took down power lines
0,19-00819792,"Burglary - Smashed front door plate glass, forced open cash drawer, stole $200 cash in the cash drawer, removed and stole cash drop safe (empty)"
0,19-00757424,Network was hit by ransomware. All data was bit locked.
0,19-00529782,"**REKEYED TO A NEW CLM#19-00548728**Theft of monies via electronic funds transfer fraud of $16,200"
1,19-00751571,Insured reports that video camera was damaged
1,19-00483627,PATIENT BACKED INTO THE BUILDING CAUSING DAMAGE TO INTERIOR/EXTERIOR
2,19-00784349,Damaged store sign
3,19-00643750,Coronavirus biz interruption for both locations.
4,19-00227567,Insured has had 3 compressors and heat/air unit blow due to bad storms we_ve had recently.
2,19-00680472,FIRE STARTED OUTSIDE.
4,19-00228616,Two 25 T HVAC units suddenly failed. Unknown cause
2,19-00608109,A WATER/SEWER BACKED INSIDE THE WAREHOUSE. HALF OF THE WAREHOUSE HAS WATER DAMAGE.
0,15-00917002,"Rear passenger side window was broken on truck and equipment was stolen 4330.00 not including little things. Concrete salt heal teal and steal 2 kinds , drills, wacky, small table, beds for drill, grinder,."
0,85-00183791,Employee wire transfer fraud
0,19-00591438,IV was stolen in front of a delivery address truck was full of Items to be delivered
2,85-00401793,Toilet back up into another unit below
1,19-00534748,OV drove into front of INSD_s building
2,19-00860845,The tile flooring is popping up and cracking in the customer area.  Insured does not know the cause.  No apparent water damage/leak.
0,15-00838791,Hand Held computer stolen out of work vehicle
0,85-00371760,Product damaged in transit
0,19-00276909,Tools and Materials stolen from jobsite. Attached is the list of the uninstalled material and tools stolen from the insured_s gang box.
1,19-00125190,Unknown intoxicated driver repeatedly ran into insured_s fence after hoursin the early hours of the New Year. Insured gave police the video
4,19-00274339,Chiller condenser was shorted out by lightning
2,85-00094589,"The insured property where the water damage took place is ""39 Russ Street"". Policy number ""OHE7670615"". Water damage in the basement unit of our 39 Russ Street, Hartford, CT property. The carpet flooring was very saturated and required a water clean-up and restoration service. Quotes have been obtained to install proper/updated drainage on the outside of the building and installing a sump pump in the basement. Quotes attached. Awaiting additional quotes for wall repair and carpet replacement."
3,19-00043067,Business income loss due to vehicle break down
3,19-00661376,Loss of BI due to the coronavirus.  Explained to the insured its not a covered loss and insured is prepared to receive a denial letter unless Hanovers position has changed.
2,85-00190741,Insured came back to business after weekend and noticed water on the floors
2,19-00559690,"Water damage to units 300, 200 and M2 when sprinkler set upby son of deceased resident was using microwave. Also damaged meter room. Servpro was called by insd."
2,19-00587350,"insd had sewage back up, several rooms effected. Bio Hazard service has been on scene"
2,19-00591276,Damage to building
3,19-00649480,"Coronavirus, loss of income"
1,19-00586483,"CLAIMANT HIT A CURB WITH HER CAR AND RAN UP ONTO THE PROPERTY, HIT THE BUILDING AND DAMAGED IT, THEN WENT INTO THE PARKING LOT AND HIT ANOTHER VEHICLE."
0,19-00796938,We have a warehouse in Temecula (also covered in my insurance) that we recently moved to a new location in Temecula. After we moved and did a brief inventory we noticed we were missing a lot of one particular item.
1,15-00838851,Customer Truck pulled away while a forklift was being driven onto it. Forklift fell from dock to ground causing damage to the forklift.
4,15-00972780,Power Outage caused food spoilage $1920.45
2,85-00067846,WATER DAMAGE TO PROPERTY. BUILDING HAS ROOF LEAKS. INSURED DID HAVE SOMEONE LOOK AT THE ROOF AND THEY STATED THAT THERE IS WEATHER RELATED DAMAGE TO THE ROOF.
0,15-00999667,Unknown persons vandalize property - broken windows and doors
0,19-00095703,3 Fedex packages were dropped off by our customer at this Fedex drop off facility: http://www.rocketshipandprint.com/ 1 of the packages never arrived here. Fedex claims the 3rd package was never picked up. Several follow up attempts to locate the package have been made with both Fedex and Rocket Ship and Print with no luck.
2,19-00425378,Boiler ran out of water causing it to overheat damaging boiler.
2,19-00823617,Gutters and facia board was damaged and tore off the building.
2,19-00337204,"hail damage to building roof, please contact insured for inspection. Loss date is approximate"
2,19-00523275,"Water damage from unknown source, to gym floor."
3,19-00656399,CORONAVIRUS   Insured for loss of business income and extra expenses under the referenced policy as a result of orders.
1,15-00925241,Vehicle that came off the road and hit the insureds sign causing damage
0,19-00680612,Brake in the business theft and window/ door broken see attached police report and bill to replace door.
4,19-00376160,Power outage around noon. When power came back on- there was a power surge that fried the sensor in the X ray machine. Please contact insd.
3,85-00364368,suspension of operations to make sure the dough the insured was using was tested properly. Extra Expense claim
1,85-00428604,"Insured thinks a car hit hte front of the 808-400 building. The owner of this unit is having a structural engineer inspect this area to determine if the
building is structurally sound. Not much damage inside at all. No car was found and there are no tire tracks. However, in reviewing the damage, we
believe that a car may have been airborne and hit the building. There is no camera footage of this incident, unfortunately. A police report was filed"
2,85-00006898,"Had two complaints from renters of mold (one mold on walls to flooring) (other on vent and furniture).  Had maintenance man out,  janitorial service and HVAC company was sent out too, also sent out and  Green Solutions Professional  Mold company.  Also had Lookout Pest Control company out for nats.  Damage to furniture, wall paper, etc. of renters.   Moisture came thru duct work/vents."
3,19-00796475,"CORONAVIRUS Office space cannot be used safely due to COVID, therefore affecting business operations and revenue."
1,85-00169767,"Client unsatisfied with her tables, and she returned them. vendor issued credit, but I lost my markup. I have attached my invoice for my client as well as what I paid the vendor."
4,19-00525560,Fiber laser break down.
0,85-00202320,Stolen items and door damage
2,19-00867286,HOUSE FIRE HAS DAMAGED INSUREDS CLIENTS PERSONAL ITEMS
2,19-00525314,Insrd discovered a possible mold issue in their front reception desk area
0,19-00643311,Unknown individuals broke into insured location and damaged main safe.
2,19-00401021,water damage in at least 3 rooms on 3 separate floors of the house
4,85-00284967,unit owner (unit A) had no power in unit. electrician discovered main electrical line located underground is damaged
3,19-00660774,"Loss of Income due to mandatory close of facilities by authority.  Loss consists of revenue stream  loss and expense for set up on line training; discounted retail item and shipping costs.  March: $250,000, April: $400,000. We have discounted retail 20% to move items that we normally would not have done. According to our POS, we_ve discounted $4,123.30. Shipping and mailing supplies: $1,958.28 Equipment purchases for streaming: $300.06"
2,19-00498394,"INSD is reporting water damage.  They initially thought it was due to a washing machine that was repaired.  However there has been additional water showing up. Restoration Company came out to see if there is awall damage, floors and shelving."
3,19-00648617,CORONAVIRUS INSD reporting loss of business income due to shutdowns.
0,85-00343135,"Break in that occurred at our Dunkin location yesterday (Monday, March 20th) during the overnight hours. They broke the back door lock and came in. The registers were empty but they took the change money ($200) and deposit for Sunday's business ($406.84). They also ripped off the camera system from the wall and took it with them. This includes all the footage on the hard drive. I have gotten the lock repaired, but I have reached out to get a quote for the camera system"
2,85-00176014,275 Cumberland Bend- Ins'd had water coming out of the ceiling in the adult clinic. Upon arrival it was determined that a HVAC unit condensation line had broken. They called their contractor who came out and had everything cleaned and repaired
0,19-00866660,UNKNOWN PERSONS STOLE CIGARETTE INVENTORY FROM PARKED VEHICLE
2,19-00829447,Wind blew roof off of Bldg 3\Possible Business interruption
2,85-00097845,STORE FLOODED FROM A WATER LINE FROM A MACHINE IN THE SHOP. DAMAGE TO THE FLOORS AND THE WALLS.
0,85-00273589,SOMEONE STOLE NI COMPUTER
1,19-00235229,There was damage done to insured_s vehicle. This is for loss of business
2,85-00282911,"Basement Unit 1N water is dripping down from the balconies aboove, waters coming in from a crack in the window trim. Damaging the walls and floors."
0,15-00731797,Unknown
2,15-00987618,"water coming into building from a neighbor source is unknown, water damage."
0,85-00349050,"Burglary, employees had several items stolen and burglar caused damage to floor."
2,85-00165028,BIB ON OUTSIDE FAUCET CAUSED WATER DAMAGED IN GARDEN UNIT
1,19-00844036,"PARKING, POLE"
0,19-00830796,H and H trying to fix the doors. Vehicle was driving into business to steal cigarettes.  Door and frame left side of the wall damaged.
0,19-00380078,THE WINDOW WAS BROKEN AND ITEMS WERE SEARCHED THROUGH. ITEMS ARE UNKNOWN. THE ALARM PANEL WAS RIPPED OFF THE WALL. THE BIGGEST CONCERN IS THE WINDOW.
3,19-00656011,"BI claim due to coronavirus , insured losing business- Please contact the insrued, Janet Manno. Thank you"
0,19-00154129,Employee was reimbursing herself over a number of years
2,19-00035751,"Water leak at location, Mr. Mahon returned to his store on Monday morning before 9 am and found over and inch of water in his back of his store. The leak was spraying from the celling where the water line which feeds the drinking fountain had sprung a leak spraying upwards causing a fountain effect. There were files and some clothes damaged from the water but Service Master was already on site when I showed up. The estimate their work to be over $5,000 to extract the water and dry.  Mr. Mahon has to take care of the flooring etc."
2,85-00261752,THERE IS A CRACK ON 6 TILES ON THE BUILDING FLOOR. NI DOES NOT KNOW HOW IT HAPPEN.
1,19-00773073,"CAR RAN INTO BUSINESS AND TOOK OUT 2 PLATE GLASS WINDOWS. DRIVER ABANDONED THE VEHICLE A COUPLE OF BLOCKS AWAY. NO INFORMATION ON THE DRIVER OR CAR OWNER AT THIS TIME, A BENCH BUILT INTO THE STRUCTURE WAS ALSO TAKEN OUT."
1,85-00346468,"Unknown vehicle/driver hit front of insured's building and left without reporting damage. See photos, Incident Report and police report info
attached."
2,15-00836880,Water damage coming from underneath the carpet.
1,19-00609521,Insured was involved in an auto accident which caused vehicle to not be operable which resulted in lost wages for insured.
2,19-00597771,Insd was building home on reservation and it was torched. Modular home was being built for Seneca Nation Reservation 8364 Old Route 17 Salamanca NY14779
2,85-00299717,NI STATES THAT SHE HAS BEEN GETTING CORRESPONDENCE FROM CUSTOMERS ABOUT DEFECTIVE ITEMS IN VENDING MACHINES FROM ONE LOCATION. AN UNKNOWN ISSUE IS OCCURRING CAUSING THE ITEMS TO BE DEFECTIVE. SHE STATES THAT SHE HAS NOT BEEN ABLE TO BE ON SITE YET. SHE STATES THAT SHE HAS A CHILD THAT TESTED POSITIVE FOR FLU. THESE MACHINES ARE NOT SUPPOSED TO BE CLIMATE CONTROLLED. THIS ISSUE IS HAPPENING ONLY AT ONE LOCATION LASH EXTENSIONS ARE
4,15-00820211,AIR CONDITIONING CONDENSER WAS DAMAGED.
3,19-00648079,"""CORONAVIRUS, Business income loss due to coronavirus."
0,85-00259696,"Warehouse was broken into on 10/31/22. Location 3637 E Roanoke Ave, Suite 5, Phoenix, AZ 85009. List of stolen property is included."
1,19-00162930,VEHICLE BACKED INTO PUMPS 11 AND 12 AT THE GAS STATION
3,19-00322880,Insured has to shut business down 10/29 until possibly 11/1 due to a collapsed pipe that needs to be repaired
2,19-00848257,Hot water tank leaked and damaged the carpet and drywall in tenants unit.  Insured would like to include the hot water heater in the claim.
3,19-00655601,Loss Of business income due to covid-19
3,19-00646821,CORONAVIRUS - shut down 03/21/20.
2,19-00324208,Insured had water damage from water that came into his unit from the neighboring unit on 10/05/2017. Carpeting was damaged
4,19-00843155,"Claim Call from Prem that he purchased a piece of equipment for use in his lab last October and left the ink in it which apparently damaged something metal inside the equipment and now metal flakes come out of it with his ink and they will jam up his ink heads so it isn_t going to work anymore for what it was intended for. He contacted the manufacturer and they said it would be cheaper to purchase a new one that would not have this problem than to fix his which is about $15,000."
2,19-00838766,"Toilet backed up and  he has caused damage to the conference room, carpeting."
2,15-00904435,Hail to roof
0,85-00376852,"Break-in, broke the glass door."
2,19-00742588,Earthquake of 3.1 magnitude cause upstairs office has a crack in the wall about over 12 inches and insured_s are going to the building tomorrow to look over the rest of the building
0,19-00671127,"Computer and Transfer Fraud, Please see attached police report.Occurrences in February and April."
0,19-00570159,Break in- unknown broke into insured_s building and damaged lock and stole some frames.
4,19-00843732,DUE TO A LIGHTING STRIKE ON THE PROPERTY 2 GOLD BOXES SUSTAINED DAMAGES AND THE GAS PUMPS AND CREDIT CARD MACHINES DO NOT WORK. BUSINESS IS AT A LOSS.
3,19-00807377,Business income loss due to civil authority and loss of utilities to premises.
2,85-00299026,pipes burst in cold weather
1,85-00151171,"Damaged a model fire truck that a customer had purchased from a local auction. Unfortunately, the piece rolled off the packing bench as we were packing it. I have attached some pictures of the damaged item along with a copy of the invoice. The damaged item is lot #113 for which the customer paid $1,500 plus a buyer's premium of $270, and MA sales tax of $110.62, for a total of $1,880.62. I shopped around for someone who could repair the piece but was unable to find anyone."
0,19-00344100,INSURED TOOK POSSESSION OF A CLIENTS PAINTING IN PREP TO INSTALL AND IT DISAPPEARED
0,85-00164763,"Items stolen from vehicle
Items of Loss:  Laptop, Airpods, Ipad 
Vehicle:  2016 Kia Soul"
2,19-00141820,WATER PIPE BROKE IN BATH ROOM UPSTAIRS AND GOING DOWN TO STORAGE CAUSING WATER DAMAGE TO WALLS FLOORING AND MERCHANDISE
4,19-00370179,Possible equipment breakdown claim. computer malfunction.
0,85-00358258,The double pane window on the side of the building was shattered.
2,85-00420943,"Insured discovered mold growth in their Upper School buildings. Mold growth is observed on upholstered chairs etc. Safer Homes Environmental
Services recommended ""remediation and mold protocol""."
2,15-00923700,Mold damage to bathroom and bedroom
0,19-00714044,Data Breach. Blackbaud notfied ins on 7/22/20 of a security incident that happened in May in which a backup of Raisers Edge software/database productwas part of an attempted ransomware attack.
1,19-00380361,"insured borrowed a wood chipper from Jerry Southers of Piedmont Landscape Management to do a job. On the way to the job Mario was forced to stopabruptly and the wood chipper went off the road and flipped over on its side. No police were called as another contractor near by took a skid steer andflipped it back on its side. The tongue is bent, the chute is bent, the frame is bent, and the tank or engine must be cracked as fuel is leaking out of it. Thechipper is on site at 2475 Wire Bridge Rd, Arnoldsville GA 30619**insured is Hispanic and does not speak very good English**"
2,19-00764746,"INSUREDS AGENT ADVISED THAT BUSINESS CAUGHT ON FIRE BUT IS NOT EXACTLY SURE HOW OR WHERE IT STARTED, FIRE DEPARTMENT STILL INVESTIGATED"
4,19-00528292,Power Loss/surge caused compressor to burn out
0,19-00289134,Theft - Broken glass for entry $388.00 in cash
0,19-00745144,"THE BUSINESS WAS BROKEN INTO. LOCKS ON THE DOOR WERE BROKEN. CASH STOLEN WAS 1231.00 THE OWNER WILL NEED TO PURCHASE A NEW REGISTER, WHICH WAS DAMAGED AS THEY STOLE THE MONEY."
2,19-00016216,"Rushville was hit hard with several inches of rain and storms on Tuesday July 11, 2017. They received damage to the interior and post roof?"
0,85-00392109,"Jane Hoyet discovered 2 windows broken out in building, someone threw a rock through the windows. Double Pained. Ins has one estimate for
$1700, is checking pricing with a couple other places"
4,15-00875851,Spoilage due to loss of refridgeration
1,19-00136397,IMAC was damaged
0,19-00585266,"INSUREDS PROPERTY WAS BURGLARIZED RESULTING IN A LOSS OF AN AIR COMPRESSOR , CORDLESS SAW, AND MORE ITEMS THAT WERE STORED IN AN APARTMENT UNIT AWAITING ATTENTION."
0,19-00375236,"A now ex-employee stole over $21,000 in cash from the insured. She had authority to take cash from the register to restock their ATM machine. Theincidents are recorded over several months on their surveillance footage. She has already been charged and arrested."
3,19-00665849,"CORONAVIRUS - loss of business or business interruption or civil code.  Insured had to close due to virus.  Not sure which coverage applies, but is asking about coverage."
2,85-00194648,"Insured discovered today that the basement where they store their showroom samples was flooded due to
heavy rain over the weekend and 70% of the samples are damaged beyond repair. Their manager is still
compling the list of damaged items."
1,15-00788559,Someone ran into a gas pump. there is extensive damage to the pump. Diesel pump is not operable.
4,19-00282655,Computer system was attacked on the evening of Thursday 8/2/2018 and the system was down until 08/14/2018
2,15-00857079,Insured has an inch of water from the toilet overflowing.
2,19-00429887,"INSD reporting hail damage to shingles, siding and gutters. Also ice damming created water damage to interior of building_s ceiling and drywall."
2,19-00647933,Busted water line caused damage to flooring.
2,19-00242616,Insured was replacing the carpet tile when he notice the moisture underneath. The insured has report of the level of moisture for the 3 offices.
2,15-00746227,Water pipe burst in the suite above insured_s office causing a fair amount of damage. The insured took photos and are cleaning the major surface making way for the disaster crews. Building management and a plumber are on site. Water has crept throughout the central portion of the suite. (photos are attached).
1,19-00866375,Client damaged employees personal car. * Claimant - * Please call claimant at 217-620-6299
1,85-00372819,Insured's employee was picking up a purchased food truck. The food truck had equipment failure and required a tow. The truck is being worked on and insured has lost multiple scheduled events. Seeking loss of business income as well as equipment breakdown. Please note that this insured is part of our food truck insurance program with Hanover.
2,19-00469097,"Insured_s art galley sustained a floor due to a salon next door whose pipes burst. Water in basement; already lost approx. $40k in artwork. Mitigation efforts are already underway. Please contact insured_s attorney, Martin Tomassian, 508-627-3334, email mvt@mvtomassianlaw.com"
2,85-00009019,LEAK IN THE WALL FROM A PIPE AND THE BUSINESS MAY HAVE TO PULL OUT THE COUNTERTOPS AND COULD DISCOVER MOLD. FLOORING MAY BE AFFECTED.
3,19-00651677,CORONAVIRUS Business interruption due to COVID-19 Government Mandate of Non-Essential Businesses being ordered to close. This affects both locations in Ashburn and South Riding.
0,85-00054937,"Glass window measuring 58"" x 98"" broken, spider marks across entire pane of glass on the outside."
0,19-00250653,VANDALISM TO AIR CONDITIONING SYSTEM FOR BUILDING AND DAMAGE TO ADJOINING WALL.
2,85-00070437,"1708-D Northfield Sq. - Barbara Mete 847-807-9399. The back gate was knocked down by the wind. Advised owner this is her responsibility but her insurance claims it is the association's responsibility insured contact is MIKI SUBOTIC Msubotic@bcmltd.com braeside community management ltd. 790 Estate Drive Suite: 100Deerfield, IL 60015 direct line: 847-504-8018 main line: 847-504-8000 FAX LINE: 847-504-8040"
3,19-00647483,CORNOAVIRUS    Business Income loss due to the government shut down of business. Insured makes product for restaurants and bars who are now closed because of the shut down
1,19-00792064,Co-worker was attempting to park her vehicle and somehow drove into the front of the building
4,19-00227822,Server down/exact date and time unknown /8 hard drives broken apart it is believe that someone physically damaged server over the weekend. Call Bryan P @ 608-643-2278-105
0,15-00985691,Colby Shumate (TM) was robbed on delivery
3,19-00646771,COVID-19 CLAIM CORONAVIRUS - Tasting room was closed and production slowed due to state ordered closure.
2,85-00145626,"PROP/Due to a leaking valve, water damage in finished basement; water under cabinets and carpet."
0,19-00738792,Break in- Tools stolen. Insured has a list that can be forwarded to the adjuster.
3,19-00663085,CORONAVIRUS  Business interruption due to shutdown.
0,19-00574330,A request was received to be employee to change the direct deposit. This was fraudulent and information was immediately updated
2,19-00425971,Fire
4,19-00543811,Storm cased damage to 600 amp exterior breaker.  A/C is not working properly and students had to be dismissed from that location.
4,15-00898667,"Insured had power outage and believes power surge damaged his freezer, ipad and point of sale system, a hood fan and other items used in the business. Please contact Derek as soon as possible at 262-689-8850 (cell phone)"
3,19-00646980,*CORONAVIRUS* - business interruption - insured had to shut down due to government shutting them down.
0,19-00889598,Embezzlement by employee
0,19-00837211,Insured report a break in into their building knocked out a window and cut 2 holes in the wall going into the pharmacy. Was reported to the Smithville police dept. Pictures attached
2,15-00756352,Flexible hose from wall that feeds toilet on 2nd floor has broken free; 80% of the bldg affected per Insd and Servpro.
4,85-00380677,Pieces of white plastic were found in cheese shredder that was used for making frozen pizza.
2,19-00776842,Water intrusion in Unit 512.
0,19-00647698,Cyber - Data breach - ransom malware
4,15-00916465,REAPER TRAILER/REFRIGERATED TRAILER FROZE ALL FLOWERS. ABOUT 7000-8000 WORTH OF PRODUCT
4,19-00181206,Power Outage---source of outage was offsite. Cause of outage unknown
1,19-00893496,INSD rented a stump grinder and it got damaged in the process of using it.
2,19-00938336,Water main break
0,19-00615464,Unknown broke out front window of business
0,19-00616771,"Broken glass of case, took cash, and took safe."
0,85-00346285,Theft occurred after power outage no list of known items.
4,15-00987433,"As written on Acord: Beer shank parts manufactured to the wrong size. Had to take parts back and credit the customer, Perlick Corp. in the amt: $6,135.92. NOTE: See also 15-00977004."
4,85-00186943,HVAC unit malfunctioned
2,85-00432984,27 Mattress were damaged due to a broken pipe in the basement..
3,19-00648034,CORONAVIRUS - Loss of income due to government mandate shut down
0,19-00871890,Broken store front window of our insured at 1235 Bridge Street Lowell MA 01850
2,19-00631175,Rain Leaked through the windows and came into the shop. Insured Contacted the Eastern Columbia Building in regard to the situation and they sent technicians to take a look at the damage. The techs recommended the shop be shut down for one week fans and humidifiers reunning. They will be back to see if this working.
1,19-00544966,Scheduled IM unit Bil-Jax 43_ Bucket lift wiring/computer damaged by some kind of animal while working on job. Unit not operating. Will need reimbursement for unit he has to rent as a temporary substitute.
0,19-00437753,"Laptops, ipads and small electronics as well as smaller personal items"
2,19-00714763,"Rochester High School= Roof leak has damaged the gym floor Estimate $11,000 Contact Theresa Kimble on her cell 586-744-9843 ASAP"
2,19-00614232,sprinkler system on the top floor of Skyview Plaza is frozen and not functioning. We are not sure how long it has been frozen; we just discovered the problem yesterday. We are getting bids to repair it
0,19-00769779,"WINDOW BROKEN TO GAIN ACCESS TO FACILITY, NUMEROUS TOOLS AND EQUIPMENT PIECES STOLEN, SPECIAL SCANNER STOLEN"
2,19-00120920,DISCOVERED IN SPRING OF 2017. NOTICED WATER POOLING IN A GRASSY AREA ON THE PROPERTY. TOWN OF WALLKILL MADE REPAIRS.
0,19-00030045,Someone shot guns at the building. Window was shattered. Bullets went through the interior of the office building.
0,19-00741469,"Kasia Cryan - insureds office manager had wallet stolen out of her purse. Co-employee reported a stranger in office that exited back door of office. Police investigated and reviewed area video footage but were not able to locate alleged thief. Employee reported money and property in excess of $30,000 in wallet that was stolen"
0,19-00100485,VANDALIZED FRONT DOOR STOLE REGISTER WITH CASH IN IT AND SHOES AND PERFUME
2,85-00038007,"91 N. Saginaw St, Pontiac, MI - Fire"
2,85-00365463,"The Break Water Point was damage by the ice and wind and may need to be fix/ replace see the photos. This was notice last month but a clear view was
identified today."
4,19-00249977,There was a power outage from 9:15pm to Sunday 12:30pm leading to food spoilage and loss of businessincome.
1,85-00074156,"There was a hit and run accident that damaged the decorative wall, stop sign and Mama Louise1/2s patio. The accident report is AC22-440."
3,19-00643104,Loss of income due to COVID-19.
4,19-00201626,Company TV broke.
3,19-00651431,**CORONAVIRUS** LOSS OF INCOME
1,85-00234026,"CPP- The insureds premises was struck by a motor vehicle. Damage to windows, a retaining wall and gas line, which sparked a fire outside."
2,15-00872865,SOMEONE ON THE FLOOR ABOVE THE INSUREDS LEFT THE TOILET RUNNING CAUSING WATER DAMAGE TO THE INSUREDS FLOOR
2,19-00616030,Water damage to exterior of building
2,19-00352555,"Yesterday around 3:30 a Genesis student broke a sprinkler head on the Genesis side. Heavy waterflow came out of the sprinkler head for a good 15 minutes, before we could get the sprinkler system shut off. Fire alarm went off as well. We had about 8 people sweeping water out of the building. Water went clear down the hall to the Genesis front door and water went under doors into classrooms and library(some of the areas are carpeted). I called the sprinkler company out to replace the broken sprinkler head, to reset the sprinkler system and restore the fire panel yesterday early evening. Genesis called a professional clean up company that extracts the water out of the carpets. They brought fans and dehumidifiers out to remove all water and moisture from carpet, floors, and sheetrock. Things are under control now. Genesis decided to call off school for today, so clean up company can get their work done."
4,15-00891334,"The operator said that it was running fine until the last board right before lunch. The board cleared the machine and the machine just shut down on its own. After lunch they could not get it running again. The incident occurred on 8/8/16 . What fixed is up for debate, lots of people worked on the problem behind the scenes, from the tech that came here, to the techs in Grand Rapids MI., to 1 or 2 guys from Homag, in Germany. Between Software updates from Germany, and a couple of parts replaced by me and the Tech, it started working"
0,19-00045432,Employee_s van broken into and tools stolen. Police report and list of tools attached.
4,19-00419312,"Batch was lost due to equipment malfunction on February 20, 2019. Our loss on this occurrence totals $11,958.83. This amount is a sum of $764.25 in raw materials, $1,250 in service costs to repair equipment and $9,944.58 in retail value. Attached is an excel file detailing my calculations of retail value based on actual sales and channel data for this same beer in 2018. Also attached are documentation on the raw materials cost and cost for equipment repair service."
0,19-00867726,mirror fell off wall and broke
0,15-00999308,"Store broken into through back door; cash and stock (cigarettes, liquor, etc) stolen"
2,19-00309934,They had another back up in the basement. Plumber is going out to check things out
2,19-00931011,"Insured contractor's plumber failed to tighten a water line correctly which lead to massive flooding of their space and of Panera Bread below us this Saturday. The plumber said his insurance would cover the repairs, but now they are saying we need to initiate the claim through our insurance first."
1,85-00147465,A vehicle struck building damaging exterior brick and interior wall cracked. See attached photos
2,85-00110675,A crack in a sewer pipe caused water damage to a unit and to the carpet in a hallway.
4,19-00492825,Insured advised that the air conditioner no longer works
2,19-00314938,"The dental office directly above the insd office piece of equipment burst and caused water to break through their flooring, insd ceiling, and into the procedure room. Insd states that they have excess of $100k in damage"
2,19-00106296,"11 w. 2nd st, unit 365, 364, 366 and 206  water damage from unit 365  tenant activated sprinkler in bedroom with unauthorized/dangerous use of propane heater."
2,15-00727471,wind knocked over a light post and light post fell on business sign
3,19-00657346,CORONAVIRUS BUSINESS IS CLOSED DUE TO COVID19.
2,19-00899741,Sewer collapse. Proposal attached. please review and contact insured.
0,19-00526869,Unknown broke into office through a window. Stole 2 lap tops and 2 printers. Also stole keys to a truck and drove truck through the fence to exit the premises. Los Banos PD were notified and report has been filed.
3,19-00663677,CORONAVIRUS  business interruption claim due to the coronavirus.
0,19-00805638,Social security numbers were visible on W2 mailings
2,19-00758975,Sign fell down and was damaged
2,19-00656672,Floor damage and mold in kitchen due to water leak. Water leak coming from an ouside utility closet that stores the hot water heater and water softener machine flooded the floor in kitchen causing the pressure to lift pipes out of drain and pour water out. Leaked through wall and gone under the floor tile in kitchen.
2,85-00025283,"WATER DAMAGE OCCURRED TO THE BUILDING ON THE FIRST FLOOR FROM A FAULTY SPRINKLER SYSTEM, THERE IS 2"" OF STANDING WATER, AND THEIR CT SCAN MACHINE IS STANDING IN THE WATER. DAMAGE ALSO OCCURRED TO THE SUPPLY ROOM, FURNITURE, CARPETING, WALLS AND BASEBOARDS."
4,19-00496409,cpro;chiller 7/12/19-insured chiller went down in dining hall
4,19-00284763,Lighting struck roof on insured_s building causing some of their electrical operations to sustain damage.
0,15-00916312,"Ransomware - want $5,200 to release computer information. Unfortunately, the insured_s entire computer system is down - xrays, etc. Unable to see patients."
0,19-00602715,**REKEYED TO A NEW CLM # 19-00611673Employee dishonesty- Insured discovered employee was embezzling from the company
3,15-00844376,Hurricane Matthew/Spoilage and Business Income
2,85-00164794,"CEM overseas had a fire at their warehouse. The plant, equipment, fixtures and manufacturing area are untouched. All the raw materials to build products were destroyed."
2,19-00012041,Water supply line in air conditioner ruptured and overflowed catch pan. Water damaged T-Bar ceiling and two pieces of equipment
0,85-00231205,package was lost
3,19-00643519,Insd is submitting a claim for loss of business income due to restrictions put in place due to the coronavirus.
4,19-00670412,Equipment Breakdown.  Chiller on roof stopped working.  Vendor inspected and determined compressor has gone out.
1,85-00183579,Semi truck from trucking co ( Vendor ) backed into or hit their sign located along Telegraph rd. East side of the parking lot
4,19-00784048,A gas explosion occurred and everything is gone
3,19-00172240,**SPCL ACCT**Please set up a business interruption claim  O7W D464024
2,19-00577664,"THE TOILET BOWL HAD A MASSIVE OVERFLOW RESULTING IN THE TOILET BREAKING, WATER DAMAGE THROUGHOUT THE ENTIRE OFFICE, SOAKED THROUGH TWO FLOORS OF OFFICES, DOWN TO THE GROUND FLOOR CAUSING DAMAGE TO CEILINGS, COMPUTERS, VARIOUS WALLS AND OTHER CONTENTS. INSD PROPERTY HAS DAMAGE TO CARPET AND TILE FLOORING, AS WELL AS RUGS."
2,19-00384935,Rain leaked into building causing interior water damage and buisness property damage.
0,15-00891843,Business Property stolen out of insureds vehicle.
0,85-00428844,Four garage access doors jimmied; one garage car door jimmied. Door jambs and door knobs broken
0,19-00550325,Insured uses a hosted desktop company. The company who they use had a cyber breach that has completely taken down insured_s system.
2,19-00931371,"**REKEYED FROM OLD CLM#
19-00916561**
Water damage occurred at Schwanke-Kasten Jewelers located at the Marriott Milwaukee sometime between Friday 7/12/19 when they closed for business and today 7/16/19 at 11am. Carpets in the store were saturated and jewelry
cabinets had begin to absorb water. It appears that water entered the store from the ceiling. Marriott Engineering department is investigating the cause of the issue and has contacted a local plumber to assist."
3,19-00655178,Disruption of business - Loss of Income
0,85-00065987,Shipping co lost$11415 worth of insured's property
0,19-00286569,Data breach - last transaction was 12/21/17.  Involved a former employee. 5/18/18 was the employee_s last day.
2,19-00654458,"Feeder tube to toilet and caused water pressure , flooded room , hallway through walls and flooded two rooms below , elevator standing water , through basement water damage 3 stories"
2,85-00311818,"While JC National was conducting a building repair in unit 2B, I was asked to shut the water down while they replaced a pipe fitting. I turned off the water, we used the slop sinks to drain the water from the system. Unknown to me at the time, the drain in the 5th Floor slop sink was clogged. As a result, water overflowed the slop sink, onto the floor and into the elevator shaft which cause d the elevator to stop working."
2,15-00957369,Tenant on Apt 304 fell sleep while having a cigar -1 apt caught on fire-automatic sprinklers came on causing damage to that unit and another 2 or more units.
1,19-00530152,Our insureds property was damaged as a result of a vehicle colliding with it
0,85-00081570,Employees laptop was stolen while on a business trip in Argentina
0,19-00041734,Insd. lost a lot of data.  They retrieve and store documents for businesses.  Their system failed.  Possibly from ransom ware.  Lost several hundred thousand documents.  Contacted a Company about recovering the data.  Documents very valuable to Company.  It_s data they store and resell.
2,85-00117391,Insured noticed roof leak
2,85-00147478,Water line broke in main bar on main floor. Standing water on wood floor. Water overflowed into the Audio-Visual closet in the level below. Wood floors are now buckling and electronic equipment is damaged
3,19-00645389,CORONAVIRUS - loss wages and business
2,19-00132446,"Due to City water main break , Insd had water back up in to building including elevator shaft which drained in to 2 of insd restaurant/s."
2,85-00003761,"During the night, main water line broke. 75% warehouse is covered in water along with 75% of the store in front of building. Damaged merchandise caused
by water on floor."
0,19-00474899,Rental Car Broken Into
2,19-00690828,"The insured informed us of a mold situation effecting the shelter building at their 3300 Wantagh location and would like to put their insurance carrieronnotice. The situation was brought to their attention by their tenant, Last hope Animal Rescue on 6/5/2020. The tenant had a mold test performed on5/29 which revealed its presence. The cause appears to be a weak area in the roof membrane that caused a water infiltration. The insured plans onhaving thesituation rectified. They advised that the remediation cost will be somewhere between $15,000 - $20,000. There is no known bodily injury."
2,85-00343389,Roof leak into unit causing damage.
0,19-00112534,GARAGE DOOR SPRINGS BROKE. CAUSING GARAGE DOOR TO FALL AND SUSTAIN DAMAGE
3,19-00648647,Coronavirus: Business interruption due to Covid-19
2,15-00880069,Insd had raw sewage back up in basement due to improper disposal of feminine hygiene products.
4,19-00674146,"I was doing my weekly visit to the store to check but yesterday may 14th when I went to check I found our freezer was broken and all the food inside was spoiled, non of the items were good to save , so we threw all of it ."
0,15-00916754,THEFT/BURGLARY UNKNOWN DAMAGE TO THE EXTENT PLEAS ASK INSURED FOR DETAILS.
2,85-00348686,Broadway Towers Apts - fire in unit 318 cause damage to unit
0,15-00862597,"Employee theft. Insds client claims employee stole personal property from their residence. Jewelry, tools, some laundry detergent, and key. The insd replaced locks at the residence."
2,19-00227136,"FURNITURE IS DAMAGED AND PRINTERS AND MISC. OFFICE SUPPLIES SUCH AS CABINETS, COUCHES, CHAIRS, ART WORK"
2,85-00075820,"WEATHER RELATED HAIL, WIND AND SNOW DAMAGES TO ROOF MISSING AND BROKEN SHINGLES."
2,85-00262479,INSURED STAGES HOMES AND THE HOME HAD WATER DAMAGE THAT DAMAGED HER STAGING FURNITURE.
3,19-00668842,Corona virusLoss of business due to government ordered shut down only open for limited emergency services. Limited access to PPE.
3,19-00648879,"CORONAVIRUS-Kansas city metro area ordered ""stay at home"" for all non-essential businesses. Order issued for 3/24/20-4/24/20 and loss of revenue for approx. $26,000."
2,85-00142374,roof damage with some water getting in the building. Roofer looked and said storm had damaged the roof.
0,15-00921944,"The shop was broken into. front window broken with hammer, office door kicked in. $10 missing from till. Seat cushions and bench in front of shop damaged and torn. See management form attached Insureds has receipts and will forward to adjuster when assigned."
3,19-00651401,CORONAVIRUS   Business interruption due to corona virus. INSD_s business is considered essential but INSD is not getting enough supplies to maintain business
2,19-00646882,Blender was to make a batch of product and flew up in the air and hit the drop ceiling and it fell and damaged the wiring and duck work
2,19-00584622,"The Building exterior wall brick veneer is coming off the front of the building and is sliding down. There are cracks that might have been caused by rain. 2505 Merced Street, Fresno, CA 93721"
2,19-00294501,WATER DAMAGE TO ALL MR. MERCHANTS PROPERTIES HAVE WATER DAMAGE. INVENTORY FROM THE STORES HAVE BEEN DAMAGED
0,85-00169336,"One of insured employees was traveling by car to a conference, and suffered a break-in. Employee is fine, but a company laptop was stolen and some other personal items of the employee. Employee filed a police report, attached."
3,19-00660642,COVID-19 CLAIM CORONAVIRUS COVID-19
3,19-00647103,CORONAVIRUS    Loss of business due to government ordinance.
0,19-00018602,Break in ruined door and took two liquor bottles and cash from registers
0,85-00280067,"22,000 IN CASH WAS STOLEN OUT OF THE INSURED'S SAFE. CASE NUMBER IS SAPD22262896"
2,19-00682796,Water is penetrating the foundation and causing water damage on the inside of the building.
4,15-00724480,"The office was ""single phased"" by IPL, causing power strips and computer parts to burn up"
0,19-00672686,Insured reported vandalism to building. Damage was to 8 new windows.
0,19-00807460,Insured ordered and paid for items (nitrile gloves). The items were never delivered. Supply chain appears to have been fraudulant
2,19-00615309,LOC Fergus Falls MNplumbing issue causing back up of sewage
2,19-00609017,Women_s bathroom flooded due to backed up sewer lines. Damage to flooring in bathroom and utility room.
2,85-00153905,Damage due to fire. See attachments.
3,19-00648208,CORONAVIRUS -Business interruption revenue loss
2,19-00116550,"Toilet leaked and caused damage to floors, walls and into the garage"
2,19-00621287,"Insd landlord was renovating the outside of the insd premise, Insd sign had to come down to do the renovation. Sign was wrapped up and put to the side of the building. Insd notice sign was stolen on 1/29/2020"
2,19-00288262,"Busted Pipe - ServPro was called in on 09/05/18 to start drying everything out. The damage is in the headmaster_s office, teacher_s lounge, and men_s restroom"
0,85-00165211,"Insured had temporary storage at 1828 Buerkle Road, Unit 1153, White Bear Lake and was broken into. Some items were taken and the burglars left the place a mess"
3,19-00935024,Simon Barkagan  OBY-H103597-00 Claim Notification 7/6/2021 Email 3 of 3
4,19-00381894,CT machine stopped working
3,19-00661270,"Damage to customer_s property due to harmful substances from employees, customers, suppliers, service personnel, general public.Damage to suppliers due to harmful substances from employees, customers, suppliers, service personnel, general public.Damage to the public due to harmful substances from employees, customers, suppliers, service personnel, general public Governmental ordered shutdown due to harmful substances from employees, customers, suppliers, service personnel, general public Acts of Civil Authority requiring shutdown due to harmful substances from employees, customers, suppliers, service personnel, general public Projected Extra Expenses to shorten Period of Restoration:MarketingAdvertisementOvertime pay"
2,85-00224026,Toilet leaked overnight causing massive flooding for upstairs and suite below (therapeutic Pathways). See photos of damage below
2,85-00342196,"Due to Freeze/Ice/Snow, water leak from clinic next door caused damages"
2,85-00406978,"Unoccupied portion of building experienced water leak which, in turn, ran into the occupied space causing extensive damage to flooring in lobby, baseboards, and possibly other business personal property.  Insured was able to turn off the main water supply line and contacted ServePro who has dried out the space but now wants to take additional remedial measures (e.g., drilling into walls, pulling up flooring, etc.).  Before insured agrees to move forward with ServePro, we need an adjuster assigned to ""green light"" the repair work henceforth"
3,19-00667357,CORONAVIRUS Insured experiencing business income loss due to Stay Home Stay Safe Government Order
1,19-00070525,Vehicle hit and ran insured_s canopy. Police report # 17-14032
4,19-00086924,A rodent nested into insureds generator that_s connected to shop causing damage to computer board.
2,19-00792476,"WATER MAIN BREAKAGE OCCURED 430 AM. DID NOT STOP TILL THE NEXT DAY. INSURED LOST THEIR INVENTORY DUE TO THE DAMAGES/INCIDENT. ENTIRE SHOPPING DISTRICT AREA WAS SHUT DOWN FOR TWO DAYS. DEEMED UNLIVABLE BY FIRE DEPARTMENT. POWER WAS NOT ESTABLISHED UNTILL 12/14/2020. TRAVELERS INSURANCE CONTACTED INSURED, SERV PRO IS PERFORMING WORK ON PROPERTY ON BEHALF OF TRAVELERS."
3,19-00671422,DUE TO GOVERNMENT MANDATED SHUT DOWN ON 3/18/20 THE BUSINESS HAD TO CLOSE BECAUSE OF MANDATE.
3,19-00670642,Loss of Business Income: Insured forced to close due to COVID-19
0,19-00460211,"Insured_s daughter, Ashley, went downstairs to make sure the door was looked and found that a man had broken into the building and was breaking glass,windows and the door. He broke open the fire alarm box and pulled out the wires. He then noticed that the daughter was there and threateneded her andstarted to come after her with a broken bottle from a recycling bin nearby. Ashely was able to get away and hold a door shut while 911 was called. RocklandPD arrived and arrested the man. The person untimately broke the back door of the building, the door to one of the shops inside, windows, damaged thealarm system and some wooden stools that were in the hall. Insured estimates $2500+ damage and is gathering estimates"
2,15-00946209,"Flood damage in the basement of the Riddle, OR location"
0,19-00743394,Glass damage to front door due to bullet/beebee pellets
1,15-00911875,One of insd_s vehicles struck rear of building. Structure damage only
3,19-00685138,CORONAVIRUS Business income loss arising from Covid 19.
0,85-00061008,Insured's network hacked by ransom ware
0,19-00145878,FRONT LARGE PLATE GLASS WINDOW BROKEN PLEASE USE JUSTIN AS ADJUSTER WORKING ON A PREVIOUS CLAIM  1900140163
0,15-00712118,"There was a burglary at this store. Merchandise was stolen, Damage to property. Damage to glass on front door. Jewlery case was smashed, register was damaged. Hard drive and monitor, printer were smashed. Other items."
0,15-00939977,Broken store window and jewelry case as well as the jewelry was taken
3,19-00659976,CORONAVIRUS   Business Interruption / Income loss due to COVID-19
1,19-00177303,Damage to rental equipment sunbelt rental
4,19-00727705,Lightening struck Building; Damage to Survallence Camera_s and computer system/network
3,19-00650916,INCOME LOSS DUE TO LOCAL GOVERNMENT MANDATE REGARDING COVID-19.
0,19-00663756,The insured thinks that some Kids were throwing rocks at the siding of the building causing multiple holes in the siding. There are kids that skate board over in that area
0,19-00632753,"Insured had an angry client that trashed their waiting room which included ripping/scuffing the upholstery on a few chairs, removed signage (TBD if its broke) from the wall, some damage to walls, scratched the wood on the reception desk, scratched the glass window to the conference room."
2,85-00174795,HAIL DAMAGE TO ROOF
3,19-00663034,*****CORONAVIRUS*****business interruption due to virus
0,85-00049003,Not sure if this is vandalism or an attempt to break in to the property. The stained glass windows on the right side of the main entrance were broken by a large piece of concrete being thrown through the window. 5 outside doors had the door knobs knocked off and they used something to break through the doors. Another rock was thrown through a window in the fellowship hall. No one was onsite and the alarm was not triggered.
2,19-00223019,Water line broke second floor in mechanical room
2,19-00863453,Water damage to storage area
2,15-00967279,Significant structural cracks have been discovered. Cracks in drywall in living room and bathroom walls. See attached.
2,19-00303279,"Tenant in 15J left the bathroom faucet running while he was out. The sink was clogged and overflowed causing damage to units 15j, 14j, 11j and 10j"
2,19-00823788,"Condo units.  One building has 4 units.  One-story units with 3 bedrooms, 1 bath.  Fire started due to unknown reason in one unit, extensive fire and water damage to this unit.   Water and smoke damage to the other 3 units in this building, unknown extent."
0,15-00953706,Vandalism to theft of air condituininn units on building at 7125 Georgetown Rd.
0,85-00150787,My business was broken into. The front door was damaged and glasses inventory was stolen.
3,19-00662626,CORONAVIRUSPer ADA and Governor office has been shut down
2,19-00254866,"Drain broken for the catch basin. Sewage has flood into parking lot, and  basement area, metal fence and landscaping removal for repairs."
2,19-00913137,"There was a sewer line back up in bathroom. There appears to be an issue with the pipe under the bldg. Insd stated that his Landlord advised that the pipes are the insured's responsibility since they were desgined/fitted for the insured's restaurant (per their lease). Insd is not sure if there would be
any coverage since this policy is for BPP only but his lease states he responsible for the pipes. Insd given heads up that there may not be cov but we'll let an adjutster review to confirm coverage"
2,85-00360843,Drinking fountain leaked causing water damage to walls and flooring
0,19-00599725,"Please open a property loss claim. A customer damaged the counter and some registers at the store located at: 2024 E 95th St, Chicago IL 60617. Contact at the insured is:"
3,19-00662436,Coronavirus   Business interruption
0,19-00198902,Insd_s vehicle was stolen with product inside.  This claim is being made for the stolen product and possible loss of business.  (Stolen IV Claim#19-00198886)
2,85-00046277,TOILET OVERFLOW CAUSED WATER DAMAGE.
0,19-00155761,"Unknown person held up location at gunpoint. Exact amount of money stolen has been determined fromreports at $1,572.75."
2,19-00159684,"CEILING PIPES BROKEN AND LEAKED TO THE OFFICE. OFFICE FURNITURE. COMPUTERS, CABLES, MONITORS, PHONES. MOISTURE IN THE WALLS."
0,19-00843152,Due to the cold temps and wind  insureds window crack  insured did have a BB shot at the window in 2015 however the window recently crack
4,19-00891275,Electricity surged several times causing problems with computer than runs our xray machine. I have attached report from technician showing computer failed /overheated. We were not having any problems until electric surges
3,19-00660458,CORONAVIRUS  Business Interruption due to COVID-19
4,19-00057206,"Lightning strike caused extensive damage. They are discovering the extent of the damage as the weeks go on. Damage includes cameras, a motherboard, burglar alarm, fire alarm control panel, etc. There are two contacts for the damage as well as the administrator."
0,85-00170905,"INSURED BUILDING WAS BROKEN INTO THROUGH THE DOOR. THE DOOR IS WOODEN, THEY TOOK OUT A WOODEN PANEL OF THE DOOR."
0,85-00371790,Items stolen at The Allentown Paper Show in the Allentown Agricultural Hall (attached list)
4,19-00607170,Power outage caused damage to Alarm Panel
3,19-00671357,Business Interruption due to COVID-19
0,85-00306125,"*REKEYED TO A NEW CLM# 85-00324067*
Break in and equipment and tools stolen. Bobcat loader, forklift and electrical hand tools."
2,19-00787666,Water damage to business from faulty water heater.
2,85-00002925,"3 PT infested with ticks, ticks got in walls and ceiling, demo had to be done to help bug problem"
3,19-00644744,CORONAVIRUS - Loss of business - state mandating shut down next week
2,15-00984787,"A juke box, pinball and games were at the premises of Gunthers Tap Room in Northport and was destroyed by a fire"
2,85-00425313,"Location: 129 Acacia, Unit 209, Indian Head Park, IL 60525. Main line clogged, backed up and overflowed sink while unit owner was away on vacation resulting in water damage"
2,19-00281778,Water in boiler system through ventilation causing damage to boiler and gas pipes.
4,19-00251805,An Eversource meter was old. Insured called several times to have it replaced. Eversource did not respond for a year. Insured incurred many bills due to the faulty meter. It was Eversource_s responsibility to change.
2,19-00682599,Opened for business on Monday morning and found that a water leak had occurred during the weekend. Water had to be extracted from floor and area dried. Some baseboards and flooring damaged and removed. Unsure of other damage to office furniture/ equipment/ supplies that were on the affected floor. Some flooring will need replacement.
0,19-00367830,"Someone broke into insds business damaging a display table glass case, displays, glass window, display Oakley case and 100 frames were stolen."
2,19-00276258,Water damages
0,85-00089131,Insured made a fraudulent wire transfer of $1962.00
0,19-00900093,Dollar Rental/Purco Insds rental vehicle had a cracked ws.
3,19-00645992,CORONAVIRUS  CLOSED DOWN DUE TO COVID. WOULD LIKE TO DISCUSS PAYMENTS OPTIONS FOR EVERYTHING THAT NEEDS TO BE PAYED
2,85-00324261,"PIPES IN FRONT OF NI BUILDING BURST DUE TO VANDALISM CLMT KICKING THE PIPE RESULTING IN
WATER FROM PIPE TO DRAIN INTO OFFICE SPACE. DAMAGE TO FLOORS, WALLS, PERSONAL PROPERTY,
EQUIPMENT, EXAM TABLES AND EQUIPMENT. UNKNOWN EXTENT OF DAMAGES"
0,19-00196246,"Front windows shot at...windows are double pane windows - 4 are damaged. Incomplete estimate is $2,800 but it is missing a window (sterling glass came out when insured was not there and didn_t not get all the windows in estimate.) Police caught one individual who would not name others involved. His sentencing is 5/25/18. Person being charged is Moh Dawok. Please contact insd."
0,19-00573773,Individuals broke in and stole items from business
2,19-00134969,PIPE BURST INSIDE ROOM CAUSING DAMAGES TO INSUREDS BUSINESS EQUIPMENT AND PROPERTY
2,15-00962577,DOL Hail Damage 2-27-17
1,19-00912859,Mr. Tealy Hill pulled into insd parking lot to park his car. Somehow hit the gas instead of the break and ran into insured building. Section of wall of building where insd hit pushed in.
2,85-00108235,WATER PUMP FAILURE CARPET WET AND SOME UNKNOWN PERSONAL ITEMS
3,19-00661596,Coronavirus business interruption
0,85-00203134,"Gardener discovered window broken and called insured. $3,000 was paid."
0,29-00530982,"A DAN DE YOUNG OF 5706 S DIVISION, KENTWOOD, STRUCK INSDS OVERHEAD GARAGE DOORS. HE ALSO SNAPPED OFF THE 6X6 POSTS IN THE POLE TYPE STRUCTURE. INSD WANTS ENVIRONMENTAL DOOR 11501 3RD AVENUE NW GRAND RAPIDS, MI 616-453-0164"
2,19-00158643,"Flooding in building, mold damage"
2,19-00843205,**REKEYED FROM OLD CLM#19-00841712**Insured reported unit #3B fell asleep with their kitchen sink running which caused water to run down into the unit below which is #2B
2,19-00384704,"Unit owner woke to no heat and water in kitchen. Appears pipe broke under kitchen floor (slab), effected the furnace. Water damage to floor.Unit owner: Gary and Shirley McIver 10 Muirfield Dr Bridgton ME 04009 207-329-4278"
2,19-00586261,"Wind damaged the roof, resulting in water damage to the ceiling and the floor."
1,19-00714804,Damage to retaining wall from car accident.
1,19-00699603,6-24-20 - unknown person drove through insured_s gate
2,19-00817183,"Tenants rented the whole building and signed a 5 yr lease. They did not pay rent. Insured has loss of income, damage to building, bathroom damage, took furniture and attorney fees."
1,85-00192875,"*REKEYED FROM OLD CLM# 85-00087907*
Vehicle drove into building; building damage; Carpura Construction provided Board up to prevent additional loss after vehicle removed Location 31 631 South Quaker Lane, West Hartford CT 06110"
2,19-00254397,CHARRED AUTOCLAVE. MEDICAL INSTRUMENTS WERE DAMAGED.
2,85-00181090,Insured was advised that water was leaking from large storm over the weekend causing damage to the building
2,19-00191524,"In January, an ice dam caused considerable damage. At this point, the repair bills are totaling $6,681.48. There is also an invoice for drying and sanitizing carpeting in one unit which the association is trying to get the unit owner to pay for. This invoice totals $2,890.00. This would be added to the $6,681.48 if the association ends up having to pay for."
2,19-00209315,Insured salon flood. Insured thinks pedicure station leaked.
0,15-00828873,"INSURED SHIPPED BOX OF ITEMS VIA UPS, UPS DRIVER HAD AN ACCIDENT INSURED LOST ALL ITEMS SHIPPED"
1,85-00240231,"Driver drove vehicle into store window striking a client. Location 27915 23 Mile Road, Chesterfield, MI"
0,85-00163248,"Attempted burglary to insured retail store. Unknown culprits damaged store front door. Insured is tenant and lease has language on repairs to store
front door.  Lease included with loss accord and or secure from Insured or Agency"
2,19-00285677,Pipe broke damaging unit. Unknown details as to where pipe is located.
0,15-00830150,"Property was broken into - damage to property, items stolen"
3,19-00646714,Business income loss
2,19-00648814,"Water damage to Unit 17810 D and Unit 17810E Ice maker valve was leaking Please see mitigation and repair estimates attached, along with plumber_s invoice"
2,19-00878559,"We insure Cheryl Debes, owner of unit 201 at Lantow Lofts.  I have attached the association by-laws, photos of water damage and the property manager incident report for your review. The by-laws clearly indicate the association is responsible for damages to ceilings, walls and flooring.  Our insured would like to have her damages addressed.  Please contact her at 815 398-2006.  Thank you"
4,19-00696676,"California Street, Fremont, CA - heat pump failed at the building 39355 California ST, Fremont, CA. According to the HVAC tech the condenser water line that is fed from the cooling tower got clogged which caused this unit to fail."
2,15-00962377,"Leak from exterior roof of unit(s),caused water damage units #16 and #17"
4,85-00417395,"Damage to building electrical box due to water exposure. Insured states approx $4,000 in damage."
2,19-00663829,Expansion tank on the hot water heater cracked and flooded the cafeteria. Water looks like it also penetrated the walls in a couple of neighboring tenants.
0,19-00656112,"Someone broke intoinsured_s business, vandalized the bathroom.Broke the backdoor_s lock. Insured foundneedles everywhere. Inside back door waskicked in and the back counter was damaged.They also stole the business electrical equipmentand clients computers that they wereworking on."
2,19-00625557,"We had a minor incident at our Jersey City facility yesterday afternoon. One employee while lifting pallet on a pallet accidentally hit a sprinkler head, breaking the head triggering water flow from that head. This happened inside the freezer. The accident resulted in product damage and serious clean up due to icing. Time of accident is estimated."
2,19-00705732,Water going into 2 suites coming from another suite. Water was shut off. Unknown extent of damage at time
0,19-00762700,Insd_s vehicle was broken in to and insd_s property along with personally owned proprety of insd employee were stolen from the vehicle. See remarks
2,85-00039183,"Damage to the foundation of the home due to growing tree roots.  Visible mold and water intrusion in basement area; as well as, damage to the walls in basement."
1,85-00298583,Two veh motor accidents caused damage to store main sign. Drivers info will be included in PD report. Iv is afraid sign will fall and hurt someone.
2,19-00625817,"Water damage-unit 31A-pipe burst from neighbor-coming thru ceiling and wall-getting restoration company out for dry out-insured contact Karen Gardner, 404-250-0134 , Karen@melanieturnerinterios.com"
0,85-00028599,"There were two laptops being stored in the server room of the office, a brand new laptop and one that had been returned when the employee left the company. I went into the server room and noticed them missing."
2,85-00375524,Water damaged Duracell batteries stored in an IV on premises.
0,19-00883983,2nd floor foyer criminal mischief weapon tools and rock caused vandalism to window.
3,19-00686913,**REKEY TO NEW CLAIM 19-00691125**Insured sustained business interruption due to the riots
1,19-00464145,"Vehicle crashed thru building causing damage to structure, contents and causing loss of business."
4,85-00017692,"Equipment Breakdown 7-8 pieces of large equipment were ""fried"" due to a town wide outage. Walk-in freezer/ air conditioning/ blast chiller were all affected. Will send invoices for repairs as received."
1,19-00618587,INSD_s food truck broke down due to engine - INSD experiencing loss of business income from truck breaking down.
2,85-00007398,"Insd reports that they had an irrigation leak at the front of suites M101 and M102 at this property . Mitigation was started . Attached are expenses so far and floor plans . Unit 102 is vacant , but Unit 101 is occupied"
1,19-00579039,"(Clmt ) Other party lost control of vehicle, drove onto property, damage to sidewalk and utilities. Under ins property ded. Needs assistance recovering from driver_s insuranceA"
2,85-00197993,WATER LEAKING DAMAGE TO LOCATION
0,15-00981256,Air conditioner on back of the bldg was stolen. cords cut and grating ripped off building.
0,85-00282588,"2 thieves broke window near entrance and entered through that window opening. Various cash, checks, and property stolen."
2,19-00266606,Severe rain storm caused flooding in tenants office.
0,19-00009320,vandals broke in store and broke window and dented door. they also stole 2500 in inventory
0,19-00786414,After hours break in to insured office. The SFPD was at the office today and the case number is 200 737 479 - Officer Lopez #2407. Insured contact person- Kristine Fox propp+guerin : 416.454.1922 : www.proppandguerin.com
3,19-00644406,COVID-19 CLAIM Business income Protection and Coverage due to State Mandates to close all gyms and fitness facilities
3,19-00676954,**Duplicate of claim 19-00674665**CORONAVIRUS-Business Interruption-COVID-19
2,19-00913440,"Business interruption only Insured premises (500 B Stewart St; Azle, TX) shutdown due to electrical fire at junction box on exterior wall. Landlord has completed the repairs and City has inspected/approved but they can_t reopen for 3 more days waiting for Oncor to reset. Loss of Bus Income of 7 days expected."
4,19-00033156,"On July 31, for reasons unknown to us, the dongle stopped working.  Our server recognizes that the dongle is there, but reads as having zero licenses available rather than the 44 licenses that were previously there.  We have reached out to LexisNexis for a solution, but they are currently responding with a message that it is not their problem and they are not inclined to try and fix it.  I feel certain there is no avenue to fix this OTHER than through LexisNexis and will continue to try and work out something with them.  In the meantime, we thought it best to alert Hanover"
2,85-00342677,Machine caught fire in shop. Smoke damage
0,85-00163875,"BUSINESS WAS BROKEN INTO AND WINDOWS BROKEN, 1217 WORTH OF LIQUOR WAS STOLEN, 2400 CASH STOLEN AND ESTIMATE OF GLASS REPAIR WAS 2000"
4,85-00030213,INSD shut down since October 12th due to awaiting electric line being run. Electric company can't do so until transformer is delivered.
0,19-00730260,The outside box that stores the building key was broken into and the building key stolen from it. We believe a package or two has gone missing from the building in the interim but it is not items of any significant value. We are mainly concerned that the building could be robbed in the future in a more significant manner. Replacing the building key and replacing the box that stores the key for mail deliveries is our only solution.
2,19-00143990,FIRE DMG TO BUILDING
0,85-00317994,Vandalism to ac unit located on the exterior eastern wall southernmost unit.
2,85-00028240,major water damage due to upstairs hot water heater leaking
4,19-00879861,Mechanical breakdown of freezer causing damages to inventory
2,19-00816067,Prop/water overflowed from the toilet in laies bathroom. Damage to carpeting. See photos attached.
0,19-00249928,WINDOW WAS BROKEN
2,19-00052134,Air conditioner leaked causing water to leak to the second floor and was causing mold growth
4,15-00995661,DOL is date of discovery; insd working with their IT department to gather required information
2,85-00221132,WIND DAMAGE TO CONDO ROOF
1,19-00607664,"Dump truck load caught fire, the driver dumped the load in front of the building and the building caught fire"
2,19-00019513,"Building having roof replaced and in the middle it rained for 15 minutes, leaving Insd property and merchandise exposed to rain; flooring and walls as well"
2,15-00951920,"Storm damage found at insured location, 1/3 of ridge line of roof ripped off"
2,15-00925131,Wind caused trees to fall down and damage the security fence. Fence is 7_ high 8_ weed 2 channel impass trident fence. 15 fences and 23 fence posts were damaged.
1,19-00550818,"For consideration under Damage to Property of Home Care Provider coverage per endorsement.Insured consumer became dysregulated and damaged staff person_s vehicle. The consumer scratched profanities with a rock on the back windshield and then kicked and threw rocks at all parts of the car. There may be damage to the roof, hood, and side panels. The consumer also attempted to rip off the windshield wipers and side mirrors but they seem to be intact. Employee is claimant  and her vehicle is a 2011 Toyota Prius"
4,15-00980924,"ERP system went down from 5/14 PM until 5/17 AM, causing business interruption. Please contact insured for additional info."
2,19-00346247,Snow on third floor balcony caused water damage to the second floor_s living room ceiling and wood floors.
4,85-00121688,Power surge damaged HVAC
2,85-00350503,"Property located at 133 Federal Street, Boston MA sustained exterior panel damage as a results of the construction and demolition being performed by Suffolk Construction in the adjacent structure"
3,19-00647996,CORONAVIRUS  REPORTING LOSS INCOME DUE TO COVID 19
2,19-00570877,"Water heater leaked and caused water damage to the ceiling, floors, light and musical instruments."
1,19-00256608,"Driver (see attached Accident Information Form) failed to control vehicle, drove up over the sidewalk curb on south side of building and into exterior wall. Damage included exterior siding and trim, wall studs, interior drywall and interior/exterior paint, minor displacement of electrical outlet on interior wall (breaker has been turned off). Driver notified 911 and the Monroe County Sherriff Department took the report (attached) and the building was inspected by the Fishers Fire Department as well as the Town of Victor Code Enforcement officer. There were no injuries reported. Also attached are photographs of the interior and exterior at the point of impact.  Genesee Construction Services has been contacted for repair estimate and repair, which will be forwarded to you on confirmation of receipt of claim and associated claim number by return email."
4,15-00721810,"Insd smelled weird smell coming from hallway thermostat. When maintenance checked it, it was fried.  This led maintenance to roof top hvac unit.  Unit is damaged - not sure how, possibly lightning (per total mechanical Co).  Looks like hvac unit shorted out thermostat."
1,19-00813704,"Trailer was backing out onto road. A spotter had traffic stopped, when OV came up 3rd lane, yelled at spotter and then hit trailer."
2,15-00942946,Water from a leak in the roof fell onto laptop owned by one of the stylists
0,19-00393532,"Payroll vendor filed false quarterly 941 wage reports with IRS, significantly underpaid tax obligations, and stole funds"
0,19-00764498,IV was overturned during MVA and lost product on board
0,85-00159718,The 3rd party vendor that hosts the transactions for medicare etc for Spectrum Eye1/2was breached by intruders and a large number of customers of the 3rd party vendor which is Eye Care Leaders had their information breached. There is class action lawsuits against Eye Care Leaders you can find them on the internet.
0,15-00738606,Breach of Excess and implied warranty- X-ref 15-00707751
4,19-00255560,Thunder and lightening storm shorted out equipment at the car wash and will not work.
2,19-00562504,PIPE FAILURE CAUSE DAMAGE TO FLOORING AND CARPET. POSSIBLE OTHER DAMAGE.
2,85-00345993,"Water heater caused water damage to 1 suite; affecting 2 conference rooms, kitchen and office. Insured has MA Building Services come in and do
restoration. Contact @ MA Building Services: Greg Harmon (847) 987-5891"
2,85-00412209,Roof is leaking into the building
2,19-00100822,"SEWAGE SYSTEM BACKED UP,  UNKNOWN WHAT TYPE OF DAMAGE IS UNDER THE SEWAGE/WATER COUPLE INCHES DEEP"
0,19-00724855,INSD was powerwashing and nozzle tip shot off of powerwasher and hit window.
4,19-00928201,Insureds building had an electric explosion in property. internal/external damage.
2,19-00615301,Water leaked into the wall from the roof causing mold to grow.
2,19-00237940,"Our insured - Roger Rodden is the owner of bldig. The tenant (Chiropractic Specialities reported a leak in the roof on 6/18/18. Roger had a contractor to repair the roof. However, the tenant has advised that there was computer damage due to the leak in the roof. The tenant contact person is Cheryl and she can be reached at the following (C) 770-891-8241 or (O) 678-513-0095"
3,19-00733031,"CORONAVIRUS  Business Income due to closure by Governor of Illinois per COVID mandate. At Location 1 and 3. Location 3 is 1603 N Alpine Rd, Rockford, IL 61107"
2,19-00904396,Main water pipe inside building broke during the night. 3-5 inches of water. Insured is a tenant and many cardboard boxes with motorcycle parts and components were damaged
0,19-00533893,The employees came in and noticed that the window was shattered and there is an obvious bullet hole near the center plus there are other bullet holes in other windowpanes but those windows are not shattered
2,15-00909200,SMOKE DAMAGE FROM A BOILER IN THE BASEMENT.
0,19-00769258,Window broken by unknown individual. Three separate occurrences of vandalism to building in a month
0,15-00945767,"Burglary, unsure if items taken"
2,15-00725055,High winds got under rubber roof causing it to lift off building
3,19-00648770,CoronavirusBusiness interruption due to governor closures of 9 locations.
0,19-00084845,"Burglar damaged the outside door, stole $82.00. Insured is in the process of moving and is not sure what else was taken, will provide list."
1,85-00109693,Vehicle went into building.
2,19-00839895,WATER MAIN BREAK CAUSED STANDING WATER IN 3 ROOMS AND THE FRONT LAWN...PRESSURE SURGE
0,85-00113960,Cyber breach ransom ware
2,19-00131946,"THERES A BROKEN WATER LINE OUTSIDE THE BUSINESS THAT IS CAUSING BACK FLOW INTO THE BUSINESS, NOT SURE IF IT IS SEWER WATER, BUT WHATS COMING IN IS MUD"
2,19-00607496,"Our sump pump system, which is not originating from our property."
3,85-00114302,Water loss with complete closure of operations for several days. Zero BI waiting period.
0,19-00914026,Theft and altercation of insured check
2,19-00149606,Fire broke out in flower shop
0,85-00202945,"Unknown persons vandalized store front glass, see attached invoices"
2,19-00190115,Damage to roof caused by wind and ice (Please see attached)
0,19-00723512,"I am emailing to report property damage at the Insured  at 211 E. Grand Avenue.  During the looting and riots in the early morning today, our front door window was damaged by looter"
2,19-00150849,insd sustained fire damage to apartment
0,19-00786235,unknown person encrypted data -
4,19-00618464,"Freezer loss, resulting in loss of inventory/stock. Please see the attached"
0,85-00067266,"UNKNONWNS WERE TRYING TO STEAL THE ATM AND TO PUT IT IN A TRUCK. THAT WAS WAS UNSUCCESSFUL , BUT THE ATM WAS HEAVILY DAMAGED IN THE ATTEMPT."
3,19-00664644,CORONAVIRUS Insured advised the Govenor declared the salon industry to close; she is seeking coverage under Business IncomeContact Insured Carla at: 360-679-4477
3,19-00676962,Coronavirus Business Income - Losses due to COVID-19 stay at home mandates
2,19-00712228,WATER LEAK IN CEILING FROM RAIN IN TWO DIFFERENT AREAS
2,15-00903134,damage claim:Description of Loss: Water leak from ceiling damaged desktop. Pictures attached.Location: 601 A Professional Drive Suite 170Please contact insured to discuss:Terria BrownPractice ManagerOffice: 404.446.2800 | EMAIL: tbrown@veinatlanta.comCell: 678.923.990 |  Fax: 404.446.2809
1,15-00955350,"ON 3/1/17 Ms. Sims ran her car in to our insureds outside area damaging electricity, curb, shrubbery , etc.  According to Geico Ms. Sims insurance was noti in force at the time of the accident. We would like to file under the building owners insurance. I have attached the accident report and a few photos."
0,85-00406501,INSD discovered break-in at 3:23am
0,85-00390419,LOSS DATA TRYING TO RETRIVE
3,19-00659091,CORONAVIRUS  Insureds business has been affected by the mandated closure due to COVID-19
0,19-00681422,"Cyber: Insured_s business associate was hacked, resulting in insured sending wire transfer of $20K."
2,19-00252473,"The pipes in the townhouse  next to the insured_s had a broken water pipe. The water leaked in to insured_s home causing damage to the shared walls, from the 4th floor to the basement."
0,19-00304029,unknown person damaged insureds led sign - cut the lock stole a board and box with sim cards and damaged power supply to sign and it is not working
4,85-00330265,"Electric company circuit failed taking out power to area. Compressor Board not working when power came back on and possible other equipment
damage as well."
0,19-00713323,"Our bookkeeper of 4+ years (Dawn Guttierrez) has been forging my name to law firm operating account checks since 2017. We just discovered it. The only persons with signature authority on our bank accounts are Scott Davenport and Kirsten Davenport, the 2 owners of the firm. So far, looks like 35-40 checks totaling $25k-$30k from 2017 to July 2020. She was interviewed by me on Tuesday July 21, admitted she was stealing from the firm, it and was immediately fired."
2,85-00124834,We have sustained some water damage at one of our corporate locations
0,85-00394138,"*REKEYED TO A NEW CLM# 85-00396377*
the technician was drilling on the door frame and the drill accidentally slipped and hit the edge of the window."
2,19-00749097,Insd mower caught fire
2,19-00458325,"The dentist office next door had a pipe burst and water came through the walls/floor and damaged the insured_s wood laminate floor at the 636 CrownPoint Lane, Rock Hill SC location. The dentist has filed a claim with State Farm and State Farm told the insured to put his carrier on notice"
2,19-00531477,"Vent hood in kitchen malfunctioned and closed, Causing heat in kitchen to rise and ansul and sprinklers to activate. All food in prep table and coolers,and on cook top was ruined and kitchen had to be shut down and restaurant closed. Water got into Pasta Cooker which required 2 days to repair.Large number of customers left without receiving their complete meals and did not pay their tickets. Fire Department responded and helped removewater and shut down sprinkler systems. Staff had to work overtime to clean kitchen so that health department would allow restaurant to reopen."
1,15-00990256,Drunk driver drove off main road and destroyed landscaping and signage.Potential subro against AAA Insurance
0,19-00680834,"Someone broke into one of insd_s buildings by breaking glass and then stole inventory.  Insd_s ADT security system didn_t work, but everything was caught on tape."
2,85-00104420,"Damage from storm causing water damage inside build.  Roof, ceiling, flooring,  In 2 offices at 124 Lufkin Ave, and 1 office at 104 2nd St.  
Buildings are joined. Corner building"
4,19-00039835,"Insured air conditioning unit malfunctioned causing a power outage. Power outage resulted in a power surge, damaging the compressor in one cooler."
0,19-00183396,Glass conference table top was broken.
4,85-00060340,"Alarm system was highly damaged by a power surge. The client is asking the alarm company for a bid to replace the system which is damaged beyond repair. Coverage appears under the Equipment Breakdown section of the PKG subj. to $1,000 Ded."
3,19-00658765,CORONAVIRUS  Business Interuption-Loss of Business.
3,19-00644024,"CORONAVIRUS Property - Business Interruption and product spoilage as result of government ordered shut down of insureds business due to the COVID-19. Insuredmay incur expenses to have premises sanitized before being allowed to reopen.LOC: 63455 N. Hwy 97 Bldg R Bend, OR 97702"
2,19-00524486,Failure of equipment in basements of buildings 4723 and 12 caused flooding.
2,15-00897689,The regulator broke on the water fountain and caused water damage. Mold has also started to grow.
0,19-00900356,Front Store Glass Broken and cash drawer stolen
1,19-00723631,"OV came off road and crashed into sign , police state 2 vehicles involved"
2,19-00637032,Cracks in foundation due to construction next door
2,15-00989401,Boiler on roof of condominium complex broke down. Front section is cracked.
0,19-00089803,Kiosks Vandalized.
3,19-00678016,Business interruption and forced closure due to statewide mandatory shutdown as a result of Covid-19
2,19-00362037,Broken Water Pipe - interior and exterior walls. 6 class rooms with standing water
3,19-00651187,CoronavirusLoss of income
2,19-00714231,"As the tween area on the first floor is being constructed, it was discovered that water damage (mold/mildew) was found along the north side of the south wall dividing the youth dept. From the meeting room corridor. The insured believes that this water damage on the first floor in both the meeting room corridor and youth services area was caused by an outside blockage further along down the sewer line and was on october 14 and 15, 2017."
1,19-00461745,"RENTAL vehicle damage box truck, D/sS top of truck"
3,19-00660757,CORONAVIRUS    Business Interruption due to COVID-19
2,19-00878310,Fire caused smoke and other damaged s to near by property Fire Dept. evacuated business loss of income from 05/26/2021-05/28/2021
2,19-00815220,"Water damage due to power washing that the landlord is doing monthly outside the store. The moisture from the power washing was sipping under the floor and caused the epoxy under the floor to fail and the floor to start bulging. Pictures attached. Here is the landlord_s contact information: Glenda Nativo (Portfolio Manager) Milan Capital Management, Inc. 681 South Parker Street, Ste 270, Orange, California 92868. Office: 714.687.0000, ext. 201 and ph: 714.944.0909. Email: Glenda@milancap.com"
3,19-00653396,Insured suffered loss in income/ Business Interruption as a result of the COVIC-19 Epidemic and the State mandated closures of nonessential businesses . Insured_s tenants are unable to remit rents
4,19-00713545,AC Unit Froze up and no longer is working. It has to be replaced. The coil also froze inside the Furnace and that needs t be replaced. There is also water everwhere. I had a Plumber and a Heating and cooling company come out and they confirmed that the unit has to be replaced and can not be repaired. Electrical outlets also has to be replaced
0,85-00410555,BROKEN WINDOWS AS A RESULT OF VANDALISM
3,19-00646381,CORONAVIRUS  INSD reports loss due to business income due to mandatory state/gov shut down due to COVID-19
3,19-00649126,CORONAVIRUS COVID-19 business interruption with business shutdown order by the AZ Governor (emergencies only).
2,19-00570383,NOTICE ONLY-Clmnt was smoking cigarettes in the bathroom and burning candles to cover the smell. Clmnt knocked over the candle and burned the rug and broke the window
0,19-00570738,Someone broke into the business and stole several pieces small equipment
0,19-00538460,Theft and vandalism of equipment from a job site
0,19-00700079,"Employee was let go for being intoxicated and using drugs on the job site and the next day the employee broke into the job site trailer and stole over $10,000.00 in tools. Insured did not file a police report because he didn_t have proof"
0,19-00546192,**REKEYED FROM OLD CLM#19-00493003**Employees back pack stolen with wallet and keys
2,19-00712865,Grey water backup from sewer line in boys bathroom.
0,19-00119740,DOOR BROKEN AND SEVERAL ALCOHOL BOTTLES STOLEN
2,19-00826100,Tree limb fell on fence due to high wind
2,19-00572871,"CUSTOMER TRIED TO FLUSH BABY WIPES DOWN TOILET, CLOGGED TOILET SYSTEM SEWAGE BACK UP"
0,19-00238812,Someone broke into insureds building stealing eye glass frames and damaged insureds front door and glass.
2,15-00737945,Water damage was found in a closet area due to a broken pipe under ground in the concrete
3,19-00864235,Claim for review for coverage under the Emergency Event Management Coverage endorsement
1,85-00258301,"3rd party truck backed into insureds generator:
potentially a total loss and needs to be completely replaced"
2,19-00430528,"1/2 inch CPVC pipe, cold water line broke right in front of elbow in ceiling of bathroom in APT 116"
2,19-00288341,Storm Damage - please contact customer for specifics
2,19-00191136,Property fire that started in the basement.
2,19-00768270,Property buildings all need tuck pointing
0,19-00217879,"INSUREDS CASH BOX , TABLET, PRINTER, AND COMPUTER STOLEN. AND OTHER CONTENT WAS STOLEN."
0,19-00599388,Landscaping company was on site and a piece of material hit a window and cracked window
2,15-00899192,Tub overflowed for unknown extended period of time causing water damage to several rooms
1,19-00512123,"Ins. believes tenant next door struck their side of the wall with a forklift, causing entire wall to fall into their space"
2,19-00572416,Damage from a water line that burst in one of the offices and the water went into another area of the office. The insured cut the water off when they found the damage and has rented fans to try and mitigate the damage and Rainbow restoration has also gotten involved.
2,15-00859756,"Sewer System backup/hookup problem. Roto Rooter was out to clear the back up and fix the hookup problem. $5,389 in total charges"
2,19-00508881,Rainfall caused a flood and damaged multiple rooms.
2,15-00931432,IV NOTICED WATER DAMAGE FROM NEIGHBORS RESIDENT AND HAS FLOODED INTO IV UNIT
4,85-00320745,POWER OUTAGE CAUSED A POWER SURGE DAMAGING THE PHONE SYSYTEM AND READING ROOM
0,19-00573737,**REKEYED FROM OLD CLM#19-00559849**Front glass door damage
0,15-00925035,Men_s coat stolen from premises.
3,19-00651556,"The COVID-19 pandemic has resulted in a sharp decline in patient visits, resulting in a loss of business income. For the period 3/16/20  3/20/20, insured lost $23,789 in anticipated patient fees. We expect those losses to continue in the upcoming weeks"
3,19-00660315,CORONAVIRUS  Covid-19 business interruption insured stated received request to cancel rental order and stop billing for equlpment in the filed or come and pick up their copiers because the production has been stopped or cancelled
0,85-00312892,This was a vehicle break-in. The thief picked the security locks that were in place and gained access to the contents of the van. Test equipment inside the van was taken.   This is for the equipment stolen from the vehicle
1,19-00616765,On December 10 a car drove through storefront. The driver provided their insurance information: State Farm Claim #33C3839S7 at 844-292-8615 x102.
0,19-00268808,"New customer ordered on telephone and had other people pick up merchandise. American Express Fraud/Visa Fraud. The 2 invoices are almost $10,000 and possibly another one. The only thing insured knows is guys name is Drew and his phone #. He was supposed to come in and take care of invoices but has not shown up."
4,19-00252479,Ac broke on Sunday. The temperature rose to 90-100 store was closed until Wednesday night. Food was lost as well as business income
0,19-00265107,Employee stole money
1,19-00363700,Vehicle ran into building.
0,19-00917928,Shipment lost in transit by freight carrier (XPO). See attached and contact insured for additional info.
0,19-00184895,Insured had a work laptop and bag stolen from their car.
4,85-00022739,"CAT - 33 Insured suffered damage to ice machines (equipment) in multiple locations (NJ, NY, LA, and TX) due to hurricane weather event. Spreadsheet of locations and type of equipment attached. Requesting claim be treated as CAT loss and for one deductible to apply"
1,85-00186347,"Vehicle struck building (CVS) - Police and board up company responded. Police Report number: 222053888
Board up Company: Board Up Kingz, Greg Piscia
Insured does not have a copy of the police report yet."
3,19-00662257,CoronavirusLoss of income due to government mandated closure city and state of business
0,85-00310283,Burglary at store. Rock damaged front door. 2 cash registers were damaged and cash was stolen. Berlin Police were called Insured getting estimates to repair the door
2,19-00798925,Water back up in master bathroom resulting in damage.
1,19-00828660,"**REKEYED FROM OLD CLM#19-00826580**CV STRUCK CUSTOMERS VEHICLE THAT WAS PARKED ON INSUREDS PROPERTY, PUSHING VEHICLE INTO INSUREDS BUILDING-DMG TO INSD_S BUILDING."
2,85-00273429,Insured discovered roof leaking
3,19-00655430,CORONAVIRUS  BUSINESS INTERRUPTION.
1,85-00065614,Employee was using a forklift and crashed into their doors
0,19-00038840,FOR REPORT ONLY - On 5/9 at 7:45 am an employee was walking a customers dog at loc # 1 and it pulled the leash out of our employees hand and ran off. The employee ran after the dog but they couldnt catch it. They did a search until 3:30 that day going up and down every nearby street and involved rescue groups but couldnt find it. Received a call that the dog was hit by a car and had died. The customers know how hard the insured worked to find it as they even put it out on social media and they have NOT made a demand.
2,19-00052592,"Large storm with high winds that blew sideways with rain, caused damage to inventory that was wrapped in tarps and or shrink wrapped.  The inventory was being stored under an awning.  Damaged inventory is approximately worth $300,000."
2,19-00265861,"MAIL ROOM, KITCHEN, HALLWAY, RESECTION, CONFERENCE ROOM, CENTER HALL, TWO OFFICES, FILE ROOM WATER DAMAGE. SOURCE WAS BATHROOM TOILET THAT DID NOT SHUT OFF WATER FROM ADJACENT BATHROOM OWNED BY HOA BUILDING. FOUR SEPARATE SUITES WERE AFFECTED BUSINESS CONDOS"
0,85-00440756,"Employee that had $7K worth of camera and video equipment stolen from there Air BNB rented by the INSD, while traveling for business in Brussels, Belgium."
3,19-00690028,CORONAVIRUS business was shut down due to COVID-19
0,85-00076789,"The insured rented a vehicle for business travel. The car was broken into and damaged and the below items were stolen out of the car. - See
attached for items taken."
2,19-00302989,"Property that had tenants, lakes region child care, had problems with a backed up toilet and sink. It was Cleaned by a contractor, but still smelled musty/damp. Recently lawson group out of concord said Everything was contained to the bathroom and they are waiting on the estimate for remediation. A timelineOf events/receipts will be submitted. 5/1/18 is estimated dol."
0,19-00802590,INSD had a break in and inventory was stolen.  Front glass door was shattered
2,19-00875973,A pipe broke causing water damages to the office and contents. Land lord is working on getting repairs done and insured was advised to file a claim
2,85-00243812,SPRINKLER SYSTEM FAILED CAUSING WATER DAMAGE TO CEILING CARPET AND WATER HEATER
2,19-00907496,Employee operated forklift ran into a sprinkler head and it flooded the office space.
0,19-00269794,Mentally challenged person went up to electrical box in middle of night and removed disconnect boxfrom electrical panel.
4,19-00556309,"Equipment Breakdown - Lennox Rooftop - No Heat, Lennox Rooftop Inducer needed to be replaced. See attached Invoice from insured. Please contact insured for additional details. Thank you."
2,85-00014524,Pipe leaked in bathroom resulting in remediation invoice attached.
2,19-00448222,Insured discovered extensive mold growth in basement.
0,19-00213636,Employees discovered someone had vandalized the building by painted on the outside of the building.
2,19-00575956,Water coming in through the drop ceiling and light fixture to OR1 damage to micro-scope
0,19-00833148,Loc. 2201 Chestnut St San Francisco CA 94123-2607- Janitor was cleaning restaurant around 6am-630am when 2 guys broke the glass with a rock and were trying to get inside. The employee took his broom and started hitting them and they eventually left. San Francisco Police were called. Reportpending. See window invoice attached.
4,19-00674278,physical damage to compressors resulting in renovation and replacing of buildings HVAC system
2,19-00255770,Water leak overnight from a toilet in one of the offices. Wet carpet in 2 rooms and hallway and vinyl floor in another room. Full Circle Restoration has been called. Contact is Mack 678-367- 7493
2,19-00672806,Water damage to insured premises. Value of at least $2.7k. Please see attached.
2,19-00100919,WINDSTORM CAUSED CANNED BUSINESS GLASS SIGN FACE TO BLEW OFF.
3,19-00682242,Insured mandated to close due to Covid-19
4,19-00518491,A SERVER FOR THE TWO BUSINESSES IS DAMAGED.
3,19-00681362,Coronavirus loss of business income
0,15-00888395,Armed robbery took place after restaurant closing
0,19-00266603,"3811 Richmond Ave., #200,Houston, TX Unk Burglars tried to break in the back door buy were unsuccessful so the broke the glass front door. The burglars used a bolt cutter and crow bar. They left by the back door when police showed up. Police report 098495918T."
0,15-00751830,Theft of Air Conditioner
1,85-00068721,Claimant - Auto rolled into building.
2,19-00431502,A fire started within the walls at the insured_s premises causing damage. An inspector (Laurie) for the City of Santa Clara Fire Marshall was out there. Door has been boarded up and insured incurred extra expenses as a result of having a watch guard on the premises.
2,85-00305041,WATER GOT IN UNDER THE FUEL TANKS
2,85-00270536,"Snow storm (over 61 inches of November 18) caused damage to gutters - need replacing. Water is dripping and causing a freeze/ice hazard so
insured has contractor coming Friday Dec 2 to look at and hopefully replace asap to prevent any slip / fall claims. Insd did take pictures. Damage
just noted as he was just able to get to building"
1,19-00855254,Trucking company struck and knocked down company sign. ***Notice Only***
2,85-00323402,"UNIT ABOVE NEIGHBORS WASHING MACHINE FLOODED FOR SECOND TIME IN PAST 6 MONTHS, AND WATER
LEAKED DOWN INTO NIS UNIT FROM ABOVE. SEVERAL PERSONAL ITEMS USED IN PRACTICE DESTROYED.
INSURED PROPERTY IS A DENTAL OFFICE AND NI CANNOT HAVE PATIENTS IN THE ROOM WHILE IT IS
LEAKING. CEILING IS STAINED BUT NOT COLLAPSING YET."
1,19-00762351,Collapse of racking / forklifts and products damaged due to collapse of racking
0,19-00205982,Copper pipes stolen from the property and the meters
0,19-00589753,Shipment of Olive Oil stolen from carrier yard
3,19-00643717,"Coronavirus - loss of biz, shop closed."
2,19-00748658,"Insured discovered water damage in suite, adjacent suite and leak into parking garage below suite. damage to floors calling plumber and water restoration company."
2,85-00339243,My X-ray caught fire in my office yesterday. Had a fire extinguisher and put out the fire
0,19-00035076,INSUREDS STORE WAS BURGLARIZED.
2,19-00322083,During a storm - Sump pump failed and water got in basment - insured has replaced pump - but due to water they have mold growing
3,19-00648498,CoronavirusInsured forced by the City of Philadelphia to shut down amid the COVID - 19 pandemic.
0,85-00270532,"CYBER EMAIL HACK.... WIRE FRAUD $21,000"
3,19-00649109,CORONAVIRUS  Income loss due to COVID 19 after Governor Newsome put in place the stay at home order.
2,19-00881539,"FIRE - Loss of Rents - 6088 Industrial Dr. Geismar, LA 70734"
0,85-00155178,Vandalism - Unknown person threw a brick at the building
4,19-00406906,Glycol Chiller equipment broke down causing damage to beer  in tank etc. See details from insured
2,19-00472199,Wind damage to sign.
0,19-00926264,"35 lb. dog, went through door and landed on front right paw injuring it, ended up having surgery"
2,85-00075279,Water damage at 1733 W Hubbard St
2,19-00640057,"Water leak, water shut off, plumber discovered leak under slab. Damage to sheet rock and cabinets"
0,85-00248374,"Theft at office: On camera surveillance; unknown parties stole compressors from outdoor unit; Stole medical thermos', which had
been cleaned and left for drying Tore wall where security panel (apparently thought would dis-engage security system; However it voided electric power to refrigerator where meds where kept - ruined LRPD report 2022-126826"
2,19-00858695,A resident hit a sprinkler head with a basketball resulting in it breakingoff and flooding Cottage 1. Please see the attached
2,19-00312838,Damage to roof and contents.
0,85-00011550,"Person or persons cut security cable and stole tables, chairs and umbrellas."
2,19-00656813,Water damage to property from sprinkler system.
2,19-00316291,"Fire started on the balcony of 52-402. Cause hookah being exempted into a bucket on the balcony. Causing the fire on the balcony, exterior siding and balcony.Fired dept showed up breaking in to 52-301,52-202,52-201,all doors were broken."
0,19-00408562,**REKEYED TO A NEW CLM#19-00420919**Insd discovered employee theft- daily cash deposits were not making it to the bank. $3500 plus so far.
3,19-00663879,Insured has been unable to run his business for about five weeks due to the coronavirus and government shutdown
2,19-00473041,"Post emergency event management due to an active shooting at the federal court house inDallas, TX"
1,15-00991446,Camera was dropped. Damage to viewfinder.
2,19-00306125,"WIND DAMAGE TO THE ROOF WITH MISSING SHINGLES, CAUSING WATER LEAKS AND DAMAGE TO THE CEILING INSIDE WHEN IT RAINS."
2,85-00311952,Plumbing failure/water damage
0,19-00587919,"insd_s location broken into, early morning 4am, large plate glass window shattered, 2 damaged registers, cash insured is in process of securing the large opening caused by the broken plate glass,with plywood - wants ins co advisement of company(s) to get pricing for glass replacement"
0,85-00349459,"Store broken into; register drawer stolen, lottery money stolen, store closed for 1.5 days for investigation/fingerprinting by Warrenville PD; repairs and board up complete, receipts available per insured"
2,19-00898668,"Due to heavy winds, the insured called to report roof damage that is causing rain water to leak into a tenants unit. Please contact the insured ASAP"
2,19-00012845,Sever storm damage. Please contact ASAP. Thank you
2,85-00298726,"Toilet Malfunctioned and caused water leak to building.  Multiple units impacted.  See details from the insured below.  
Remediation company has been onsite for the cleanup and remediation."
0,15-00939069,**SPCL ACCT**An unknown suspect placed something on the gas pump and damaged gas pump and credit card reader.
1,19-00330004,Grease fire in dumpster casue window damage and electrical conduites on exterior of building damage. Insured is having McComb Window provide repair quote. See remarks.
2,19-00702162,"main water irrigation line failed, water began making its way into the building covering carpet, carpet base, drywall, cubicles and some electronic equipment"
1,19-00156598,EXTERIOR OF BUILDING DAMAGES DUE TO UNKNOWN VEHICLE RUNNING INTO THE BUILDING
3,19-00663696,"1919 Rogers Rd, San Antonio, TX.  Since multiple rents have been deferred for 2-3 months, TxAMSA has lost 2/3 of its income yet still pays garbage, CPS, SAWS etc. Due to COVID-19"
0,19-00460314,Trailer was stolen
1,85-00246563,"Unknown truck backed into building, damaging masonry and glass."
1,19-00140631,"The Driver of the vehicle had a gunshot wound, and clipped tree and hit the Insured_s building."
0,19-00787308,Break in/theft
2,19-00717218,920 CASES OF FOOD WAS LOST THAT WAS IN STORAGE DUE TO A FIRE THAT OCCURRED
2,19-00559462,Insured had a fire that started in the laundry room and spread to the kitchen. Roof damage and smoke damage. THIS CLAIM is for Bldg
1,19-00826573,"Vision damaged an NEC C861Q 86 LED/LCD display in the Quality Assurance lab - the box fell over causing the damage Pictures for reference. The insureds cost for this device is $4,426.71. Included is also the invoice and purchase order for record.Please contact the insured asap.  Contact person should be Paul Woody"
3,19-00912749,Business owner passed away onsite from unknown causes. There is loss of income and rent is still due on building.
2,15-00867291,Kitchen backup/water damage Location is the university president?s home -Chuck Lief - Request Independent adjuster.
1,19-00824454,"claimant vehicle in garage, the lift failed causing damage to vehicle and client property."
0,19-00468419,Inland marine claim for Dairy Barn tack room theft. List attached
2,19-00276507,"A FIRE STARTED, UNKNOWN CAUSE, DAMAGING PART OF THE OFFICE, THE FIRE DEPARTMENT DAMAGED TWO DOORS THAT WILL NEED TO BE REPLACED, AND SMOKE CAUSED DAMAGE TO THE BUILDING ND THE CONTENTS"
1,85-00258501,Unknown OV drove into and damaged retaining wall
0,19-00124488,"cracked store front window glass approx. 7_ tall x 4_ wide, tinted"
0,19-00790785,broke in to the back door and damaged door and window and destroyed product and took office equipment and took money out of the register
2,85-00056657,"ORTHODONTIC OFFICE AND SINK STARTED GARGLING AND SHOOT WATER.  PLUMBER SAID IT WAS BACK UP AND HE USED A SNAKE, HE INSTALLED A 4IN MAIN SEWER LINE WITH CLEAN OUT TO THE STREET, INTALLED A NEW SEWER LINE ALONG WITH MAIN SEWER LING."
0,15-00912573,REPORT ONLY-TM was robbed on delivery
2,19-00611049,Pipe leak
2,19-00400749,Damage to the viola
4,19-00570910,Damage to computer server
1,15-00975569,"Garbage Truck hit Lines and took out Electrical, Phone and Internet Service"
0,19-00616517,"I was driving home from work, stopped to grab my take-out, ran into the restaurant, came out 3 minutes later and the window was smashed and they took my black bag which was on the floor of the back seat, and had all sorts of papers in it and my computer"
1,19-00795244,vehicle hit building
3,19-00651571,CORONAVIRUS - Loss of wages
4,19-00441767,Insd has a gas leak in the refrigeration system causing to loose dairy and meats.
0,19-00479031,2 SUSPECTS THREW A ROCK THROUGH INSUREDS BUILDING
2,85-00339109,Water coming from the ceiling of the Brockton Place Hair Salon.  Had a roofing company out to assess what was causing the water leak.  There was damages to the roof that was fixed and also there was an overhead water line that was leaking and it has been fixed. the Insd will email over the Roofing Comp and the Plumbing Comp over the estimates and receipts.
0,85-00184568,"Theft of money from the INSD terminal with gift cards. $7,400.25 stolen"
0,19-00450149,SOMEONE BROKE INTO THE BUSINESS
0,85-00299150,"BUSINESS WAS BROKEN INTO, THE FRONT METAL GATE AND FRONT GLASS DOOR WAS BROKEN. STOLEN ITEMS ARE SUPPLIES FROM EVERY DESK, MONEY FROM THE REGISTER, SAFE WAS DAMAGED, AND OTHER SUPPLIES ARE MISSING."
2,19-00523143,WATER DAMAGE TO THE MENS RESTROOM AND OUTSIDE CARPET UNSURE OF WATER SOURCE
0,19-00865422,Burglary of business. Broke the front door and stole cash drawer. Damage to premises
1,19-00341578,Item 21 Kage Box Plow damaged*Please contact Joe Nelson at 207-252-7514
3,19-00648188,CORONAVIRUS-Loss of revenue. State mandated shutdown.
0,19-00667587,Equipment and tools in service truck involved in an auto accident
2,85-00030950,"Tenant's home burned and it was abandoned. Insd needs to have it removed.
Insd has also incurred a loss of rents."
2,19-00212745,"fire broke out 6 units damaged and 6 residents displaced, insd has Belfor onsite and maintenance crew"
3,19-00654560,Business interruption based on government shutdown due to covid 19
2,85-00143556,Water leak in the Auditorium # 8
0,85-00054028,Insd armed the alarm system the night before when she left. When they opened the following morning alarm was still on but a side window had been broken and 80% of sun glasses inventory was stolen 72 pieces total. Police were called.
3,19-00594571,Insured has loss of revenue
2,19-00302901,Fire sprinklers went off in the kitchen at insured premises. There is water damage. Please call insured ASAP to arrange to inspect.
1,15-00867836,Insured having restoration done at premises when antique clock fell from wall. Invoice attached.
0,19-00910730,"Break inthieves broke in door, broke in ATM machine, stolen cash, cigarettes, and other items. Police notified."
0,85-00155845,7 COMPUTERS STOLEN/FRONT AND GLASS SMASHED IN
1,15-00924181,"A gentleman pulled up to the shopping center, hit the gas instead of brake, jumped the curb and hit the building. Photos and police report are attached. Responsible party: Victor Meksin, 2486 McCoy Road,Columbus, OH 43220. 614-218-0974 or 614-599-5618. Insured with Progressive #40563849."
2,19-00627375,Report Only: The above captioned insured has discovered mold growth in their building.
4,85-00026662,A CHILD BIT DOWN HARD ON CORD AND SENSOR FOR A PIECE OF EQUIPMENT CAUSING IT TO MISFIRE AND TAKE UNDIAGNOSTIC FILMS
0,19-00313897,Glass damage
2,19-00569940,Claimant has water leaking into his unit from the roof above him.
3,19-00706499,CORONAVIRUS  Business interruption due to Covid 19; multiple locations may be affected
4,19-00520748,The circuit board on our fire alarm panel was fired and had been replace
3,19-00647862,CORONAVIRUS - Loss of business due forced closure.
1,85-00379970,- fire damage to property caused by Orkin owned vehicles
1,19-00476215,garbage truck came to pick up garbage and the asphalt driveway collapsed
0,85-00138331,"Security gates cut, windows smashed. Money and merchandise stolen(all cigarettes, lottery tickets).  ATM machine damaged."
2,85-00190719,Water heater failed and started seeping water into floor and into store below
3,19-00642972,Loss of income due to COVID-19.
3,19-00648624,CORONAVIRUS   BUSINESS HAD TO CLOSE DOWN DUE TO COVID-19 AND ITS A LOSS OF INCOME CLAIM.
2,19-00152502,"Per insured: "" We discovered the water leak on 02/02/18 at approximately 7:45am, a saddle valve on our water line into our break room gave way and water was continually running to the ice maker, causing it to break. This defective saddle valve also allowed water to leak under our sink and overflow into the break room into the surrounding office space trapping water under the carpet, baseboard, and soaking into the drywall."""
2,85-00231934,"Insured reports that the detention pond has developed sinkhole. Please review and advise your coverage position. EM attached from insured with
photo."
3,19-00646831,Coronavirus - Shut down per Government
1,19-00493471,collision involving 2 vehicles and one vehicle went thru insureds curb hit tree and rod iron fence
2,19-00337153,"AC Unit had pipe burst and caused damage to ceiling, cabinets, furniture and equipment"
0,19-00669087,Gator stolen
0,15-00804423,Unknown Person broke into safety box and took cash.  No further Details provided.  No structual damage to property.  See Claim # 15-789874 similar incident with Jessica Bolte
0,19-00391928,FORMER EMPLOYEE ACCUSED OF STEALING JEWELRY FROM MRS. COPPO
0,85-00084291,"ON DECEMBER 10, 2021, A CUSTOMER PLACED A LARGE ORDER AND PAID WITH A CREDIT CARD. SOMEONE THEN CAME INTO THE STORE AND PICKED UP THE MERCHANDISE. ON JANUARY 20, 2022, THE INSURED RECEIVED A LETTER FROM THE CUSTOMERS BANK STATING THAT THE CREDIT CARD CHARGE WAS UNAUTHORIZED."
4,15-00997483,"Comcast system was down, could pull up patients records, no phone line, no wifi, and unable to access own payments etc"
3,19-00655403,CORONAVIRUS   Tendering this claim for losses associated with COVID-19 for coverage under any and all provisions.
2,19-00380263,Faucet left on significant water issued. Some classrooms are under a couple of inches of water
0,15-00951285,IV company van while parked and unoccupied was accessed by person or persons unknown who stole assorted tools and possibly other items from it. Act may have been caught on security cameras.  Police are investigating.
0,19-00875376,5821 SE International Way - A vandal tampered with an exterior power switch which resulted in a power outage and damage to a chiller motor.
2,19-00393535,Pipe burst...damage to carpet and drywall. Danville office. Plumbing has been repaired. ServiceMaster was out today
1,85-00120791,truck hit Building/ damage-
2,19-00832314,"A Glenwood roof received wind damage on Thursday, February 25th. I have attached pictures of the damage, as well as an estimate for repair. Please advise on what the next step."
2,19-00693154,"*Fire, Smoke, Water* - Swamp cooler on roof overheated and smoke came into vent into restaurant.  Fire Dept. came down, watered down the swamp cooler.  Water came inside building, they have no power.  Loss of business.  City of Lodi has to ok for re-open.  Insured has called a restoration company and electrician."
4,19-00112810,Insd opened to find walk in freezer was leaking water - spoiled food.
4,19-00463725,Air conditioning unit not working
0,15-00917414,"Over a period of time, an employee stole approximately $102,000.00"
4,19-00396259,"URGENT.....Lightening hit the insured_s building and fried their cameras, some TVs, burglar and security system panels. The pressing thing is their cameras are needed for weekend services. It would cost us close to 30k just for the cameras to replace. What do they need to do to get this processed fast and be able to ordercameras for the weekend?"
2,85-00367481,"Water loss to Ins'd side of Rented space within retail strip. - Pipe break in wall servicing ther neighbor - Donut shop. Ins'd has damages of Loss Business and BPP Moving/Dust collection from process. wall and floor damages as well, but might be owned by Prop Mgr.
( not TIB's ? )"
2,19-00031289,"Fire/smoke damage at keystone location. Tenants equipment burned overnight while it was inside the insured_s building. No fire but smouldering smoke damage throughout. Cleaning company, flood fighters, has s been called to begin cleanup and damage to the building (insulation?). Tenants lease and cert of ins is attached."
1,19-00148262,THE INSURED BELIEVES THAT A DELIVERY TRUCK MAY HAVE BACKED INTO THE BUILDING WHICH CAUSED DAMAGE TO THE OUTSIDE WALL AS WELL AS THE INNER WALL OF A BATHROOM.
1,19-00097465,"A police chase resulted in the perp_s car striking the insured_s building, crashing thru the outer wall striking an interior wall and then bursting into flames inside the building. Extensive damage. The building remains closed without power or utilities, resulting in business interruption. The insured had emergency board work completed. See news reports; https://patch.com/new-jersey/springfield/fiery-fatal-crash-nj-police-chase-union-county"
